projectId,userId,time,rr
SCAI-ECG-BP,user_sensei_661,1668088800.581,13
SCAI-ECG-BP,user_sensei_661,1668088801.581,13
SCAI-ECG-BP,user_sensei_661,1668088802.581,13
SCAI-ECG-BP,user_sensei_661,1668088803.581,13
SCAI-ECG-BP,user_sensei_661,1668088804.581,13
SCAI-ECG-BP,user_sensei_661,1668088805.581,13
SCAI-ECG-BP,user_sensei_661,1668088806.581,13
SCAI-ECG-BP,user_sensei_661,1668088807.581,14
SCAI-ECG-BP,user_sensei_661,1668088808.581,14
SCAI-ECG-BP,user_sensei_661,1668088809.581,14
SCAI-ECG-BP,user_sensei_661,1668088810.581,14
SCAI-ECG-BP,user_sensei_661,1668088811.581,14
SCAI-ECG-BP,user_sensei_661,1668088812.581,14
SCAI-ECG-BP,user_sensei_661,1668088813.581,14
SCAI-ECG-BP,user_sensei_661,1668088814.581,14
SCAI-ECG-BP,user_sensei_661,1668088815.581,14
SCAI-ECG-BP,user_sensei_661,1668088816.581,14
SCAI-ECG-BP,user_sensei_661,1668088817.581,14
SCAI-ECG-BP,user_sensei_661,1668088818.581,14
SCAI-ECG-BP,user_sensei_661,1668088819.581,14
SCAI-ECG-BP,user_sensei_661,1668088820.581,14
SCAI-ECG-BP,user_sensei_661,1668088821.581,15
SCAI-ECG-BP,user_sensei_661,1668088822.581,14
SCAI-ECG-BP,user_sensei_661,1668088823.581,15
SCAI-ECG-BP,user_sensei_661,1668088824.581,15
SCAI-ECG-BP,user_sensei_661,1668088825.581,15
SCAI-ECG-BP,user_sensei_661,1668088826.581,15
SCAI-ECG-BP,user_sensei_661,1668088827.581,15
SCAI-ECG-BP,user_sensei_661,1668088828.581,15
SCAI-ECG-BP,user_sensei_661,1668088829.581,15
SCAI-ECG-BP,user_sensei_661,1668088830.581,15
SCAI-ECG-BP,user_sensei_661,1668088831.581,15
SCAI-ECG-BP,user_sensei_661,1668088832.581,16
SCAI-ECG-BP,user_sensei_661,1668088833.581,16
SCAI-ECG-BP,user_sensei_661,1668088834.581,16
SCAI-ECG-BP,user_sensei_661,1668088835.581,16
SCAI-ECG-BP,user_sensei_661,1668088836.581,16
SCAI-ECG-BP,user_sensei_661,1668088837.581,17
SCAI-ECG-BP,user_sensei_661,1668088838.581,17
SCAI-ECG-BP,user_sensei_661,1668088839.581,17
SCAI-ECG-BP,user_sensei_661,1668088840.581,17
SCAI-ECG-BP,user_sensei_661,1668088841.581,17
SCAI-ECG-BP,user_sensei_661,1668088842.581,17
SCAI-ECG-BP,user_sensei_661,1668088843.581,17
SCAI-ECG-BP,user_sensei_661,1668088844.581,17
SCAI-ECG-BP,user_sensei_661,1668088845.581,17
SCAI-ECG-BP,user_sensei_661,1668088846.581,16
SCAI-ECG-BP,user_sensei_661,1668088847.581,16
SCAI-ECG-BP,user_sensei_661,1668088848.581,16
SCAI-ECG-BP,user_sensei_661,1668088849.581,16
SCAI-ECG-BP,user_sensei_661,1668088850.581,16
SCAI-ECG-BP,user_sensei_661,1668088851.581,16
SCAI-ECG-BP,user_sensei_661,1668088852.581,16
SCAI-ECG-BP,user_sensei_661,1668088853.581,16
SCAI-ECG-BP,user_sensei_661,1668088854.581,16
SCAI-ECG-BP,user_sensei_661,1668088855.581,16
SCAI-ECG-BP,user_sensei_661,1668088856.581,16
SCAI-ECG-BP,user_sensei_661,1668088857.581,16
SCAI-ECG-BP,user_sensei_661,1668088858.581,16
SCAI-ECG-BP,user_sensei_661,1668088859.581,16
SCAI-ECG-BP,user_sensei_661,1668088860.581,16
SCAI-ECG-BP,user_sensei_661,1668088861.581,16
SCAI-ECG-BP,user_sensei_661,1668088862.581,16
SCAI-ECG-BP,user_sensei_661,1668088863.581,16
SCAI-ECG-BP,user_sensei_661,1668088864.581,16
SCAI-ECG-BP,user_sensei_661,1668088865.581,16
SCAI-ECG-BP,user_sensei_661,1668088866.581,16
SCAI-ECG-BP,user_sensei_661,1668088867.581,16
SCAI-ECG-BP,user_sensei_661,1668088868.581,16
SCAI-ECG-BP,user_sensei_661,1668088869.581,16
SCAI-ECG-BP,user_sensei_661,1668088870.581,16
SCAI-ECG-BP,user_sensei_661,1668088871.581,17
SCAI-ECG-BP,user_sensei_661,1668088872.581,17
SCAI-ECG-BP,user_sensei_661,1668088873.581,17
SCAI-ECG-BP,user_sensei_661,1668088874.581,17
SCAI-ECG-BP,user_sensei_661,1668088875.581,17
SCAI-ECG-BP,user_sensei_661,1668088876.581,17
SCAI-ECG-BP,user_sensei_661,1668088877.581,17
SCAI-ECG-BP,user_sensei_661,1668088878.581,17
SCAI-ECG-BP,user_sensei_661,1668088879.581,18
SCAI-ECG-BP,user_sensei_661,1668088880.581,19
SCAI-ECG-BP,user_sensei_661,1668088881.581,19
SCAI-ECG-BP,user_sensei_661,1668088882.581,19
SCAI-ECG-BP,user_sensei_661,1668088883.581,20
SCAI-ECG-BP,user_sensei_661,1668088884.581,20
SCAI-ECG-BP,user_sensei_661,1668088885.581,20
SCAI-ECG-BP,user_sensei_661,1668088886.581,20
SCAI-ECG-BP,user_sensei_661,1668088887.581,20
SCAI-ECG-BP,user_sensei_661,1668088888.581,20
SCAI-ECG-BP,user_sensei_661,1668088889.581,20
SCAI-ECG-BP,user_sensei_661,1668088890.581,21
SCAI-ECG-BP,user_sensei_661,1668088891.581,21
SCAI-ECG-BP,user_sensei_661,1668088892.581,21
SCAI-ECG-BP,user_sensei_661,1668088893.581,21
SCAI-ECG-BP,user_sensei_661,1668088894.581,20
SCAI-ECG-BP,user_sensei_661,1668088895.581,20
SCAI-ECG-BP,user_sensei_661,1668088896.581,20
SCAI-ECG-BP,user_sensei_661,1668088897.581,20
SCAI-ECG-BP,user_sensei_661,1668088898.581,20
SCAI-ECG-BP,user_sensei_661,1668088899.581,20
SCAI-ECG-BP,user_sensei_661,1668088900.581,19
SCAI-ECG-BP,user_sensei_661,1668088901.581,19
SCAI-ECG-BP,user_sensei_661,1668088902.581,19
SCAI-ECG-BP,user_sensei_661,1668088903.581,19
SCAI-ECG-BP,user_sensei_661,1668088904.581,19
SCAI-ECG-BP,user_sensei_661,1668088905.581,18
SCAI-ECG-BP,user_sensei_661,1668088906.581,18
SCAI-ECG-BP,user_sensei_661,1668088907.581,18
SCAI-ECG-BP,user_sensei_661,1668088908.581,18
SCAI-ECG-BP,user_sensei_661,1668088909.581,18
SCAI-ECG-BP,user_sensei_661,1668088910.581,18
SCAI-ECG-BP,user_sensei_661,1668088911.581,18
SCAI-ECG-BP,user_sensei_661,1668088912.581,18
SCAI-ECG-BP,user_sensei_661,1668088913.581,18
SCAI-ECG-BP,user_sensei_661,1668088914.581,18
SCAI-ECG-BP,user_sensei_661,1668088915.581,19
SCAI-ECG-BP,user_sensei_661,1668088916.581,19
SCAI-ECG-BP,user_sensei_661,1668088917.581,20
SCAI-ECG-BP,user_sensei_661,1668088918.581,21
SCAI-ECG-BP,user_sensei_661,1668088919.581,21
SCAI-ECG-BP,user_sensei_661,1668088920.581,22
SCAI-ECG-BP,user_sensei_661,1668088921.581,22
SCAI-ECG-BP,user_sensei_661,1668088922.581,22
SCAI-ECG-BP,user_sensei_661,1668088923.581,23
SCAI-ECG-BP,user_sensei_661,1668088924.581,23
SCAI-ECG-BP,user_sensei_661,1668088925.581,23
SCAI-ECG-BP,user_sensei_661,1668088926.581,23
SCAI-ECG-BP,user_sensei_661,1668088927.581,23
SCAI-ECG-BP,user_sensei_661,1668088928.581,24
SCAI-ECG-BP,user_sensei_661,1668088929.581,24
SCAI-ECG-BP,user_sensei_661,1668088930.581,23
SCAI-ECG-BP,user_sensei_661,1668088931.581,23
SCAI-ECG-BP,user_sensei_661,1668088932.581,23
SCAI-ECG-BP,user_sensei_661,1668088933.581,24
SCAI-ECG-BP,user_sensei_661,1668088934.581,23
SCAI-ECG-BP,user_sensei_661,1668088935.581,22
SCAI-ECG-BP,user_sensei_661,1668088936.581,22
SCAI-ECG-BP,user_sensei_661,1668088937.581,22
SCAI-ECG-BP,user_sensei_661,1668088938.581,22
SCAI-ECG-BP,user_sensei_661,1668088939.581,22
SCAI-ECG-BP,user_sensei_661,1668088940.581,21
SCAI-ECG-BP,user_sensei_661,1668088941.581,21
SCAI-ECG-BP,user_sensei_661,1668088942.581,20
SCAI-ECG-BP,user_sensei_661,1668088943.581,20
SCAI-ECG-BP,user_sensei_661,1668088944.581,20
SCAI-ECG-BP,user_sensei_661,1668088945.581,20
SCAI-ECG-BP,user_sensei_661,1668088946.581,20
SCAI-ECG-BP,user_sensei_661,1668088947.581,20
SCAI-ECG-BP,user_sensei_661,1668088948.581,19
SCAI-ECG-BP,user_sensei_661,1668088949.581,19
SCAI-ECG-BP,user_sensei_661,1668088950.581,19
SCAI-ECG-BP,user_sensei_661,1668088951.581,19
SCAI-ECG-BP,user_sensei_661,1668088952.581,19
SCAI-ECG-BP,user_sensei_661,1668088953.581,19
SCAI-ECG-BP,user_sensei_661,1668088954.581,18
SCAI-ECG-BP,user_sensei_661,1668088955.581,18
SCAI-ECG-BP,user_sensei_661,1668088956.581,19
SCAI-ECG-BP,user_sensei_661,1668088957.581,19
SCAI-ECG-BP,user_sensei_661,1668088958.581,18
SCAI-ECG-BP,user_sensei_661,1668088959.581,18
SCAI-ECG-BP,user_sensei_661,1668088960.581,18
SCAI-ECG-BP,user_sensei_661,1668088961.581,18
SCAI-ECG-BP,user_sensei_661,1668088962.581,18
SCAI-ECG-BP,user_sensei_661,1668088963.581,18
SCAI-ECG-BP,user_sensei_661,1668088964.581,18
SCAI-ECG-BP,user_sensei_661,1668088965.581,18
SCAI-ECG-BP,user_sensei_661,1668088966.581,18
SCAI-ECG-BP,user_sensei_661,1668088967.581,18
SCAI-ECG-BP,user_sensei_661,1668088968.581,18
SCAI-ECG-BP,user_sensei_661,1668088969.581,17
SCAI-ECG-BP,user_sensei_661,1668088970.581,17
SCAI-ECG-BP,user_sensei_661,1668088971.581,17
SCAI-ECG-BP,user_sensei_661,1668088972.581,17
SCAI-ECG-BP,user_sensei_661,1668088973.581,17
SCAI-ECG-BP,user_sensei_661,1668088974.581,17
SCAI-ECG-BP,user_sensei_661,1668088975.581,17
SCAI-ECG-BP,user_sensei_661,1668088976.581,17
SCAI-ECG-BP,user_sensei_661,1668088977.581,16
SCAI-ECG-BP,user_sensei_661,1668088978.581,16
SCAI-ECG-BP,user_sensei_661,1668088979.581,16
SCAI-ECG-BP,user_sensei_661,1668088980.581,16
SCAI-ECG-BP,user_sensei_661,1668088981.581,16
SCAI-ECG-BP,user_sensei_661,1668088982.581,16
SCAI-ECG-BP,user_sensei_661,1668088983.581,16
SCAI-ECG-BP,user_sensei_661,1668088984.581,16
SCAI-ECG-BP,user_sensei_661,1668088985.581,16
SCAI-ECG-BP,user_sensei_661,1668088986.581,16
SCAI-ECG-BP,user_sensei_661,1668088987.581,16
SCAI-ECG-BP,user_sensei_661,1668088988.581,16
SCAI-ECG-BP,user_sensei_661,1668088989.581,16
SCAI-ECG-BP,user_sensei_661,1668088990.581,16
SCAI-ECG-BP,user_sensei_661,1668088991.581,16
SCAI-ECG-BP,user_sensei_661,1668088992.581,17
SCAI-ECG-BP,user_sensei_661,1668088993.581,17
SCAI-ECG-BP,user_sensei_661,1668088994.581,16
SCAI-ECG-BP,user_sensei_661,1668088995.581,17
SCAI-ECG-BP,user_sensei_661,1668088996.581,17
SCAI-ECG-BP,user_sensei_661,1668088997.581,17
SCAI-ECG-BP,user_sensei_661,1668088998.581,17
SCAI-ECG-BP,user_sensei_661,1668088999.581,17
SCAI-ECG-BP,user_sensei_661,1668089000.581,17
SCAI-ECG-BP,user_sensei_661,1668089001.581,17
SCAI-ECG-BP,user_sensei_661,1668089002.581,17
SCAI-ECG-BP,user_sensei_661,1668089003.581,17
SCAI-ECG-BP,user_sensei_661,1668089004.581,17
SCAI-ECG-BP,user_sensei_661,1668089005.581,17
SCAI-ECG-BP,user_sensei_661,1668089006.581,17
SCAI-ECG-BP,user_sensei_661,1668089007.581,17
SCAI-ECG-BP,user_sensei_661,1668089008.581,17
SCAI-ECG-BP,user_sensei_661,1668089009.581,17
SCAI-ECG-BP,user_sensei_661,1668089010.581,17
SCAI-ECG-BP,user_sensei_661,1668089011.581,17
SCAI-ECG-BP,user_sensei_661,1668089012.581,17
SCAI-ECG-BP,user_sensei_661,1668089013.581,17
SCAI-ECG-BP,user_sensei_661,1668089014.581,18
SCAI-ECG-BP,user_sensei_661,1668089015.581,18
SCAI-ECG-BP,user_sensei_661,1668089016.581,18
SCAI-ECG-BP,user_sensei_661,1668089017.581,18
SCAI-ECG-BP,user_sensei_661,1668089018.581,19
SCAI-ECG-BP,user_sensei_661,1668089019.581,19
SCAI-ECG-BP,user_sensei_661,1668089020.581,20
SCAI-ECG-BP,user_sensei_661,1668089021.581,20
SCAI-ECG-BP,user_sensei_661,1668089022.581,20
SCAI-ECG-BP,user_sensei_661,1668089023.581,20
SCAI-ECG-BP,user_sensei_661,1668089024.581,21
SCAI-ECG-BP,user_sensei_661,1668089025.581,20
SCAI-ECG-BP,user_sensei_661,1668089026.581,20
SCAI-ECG-BP,user_sensei_661,1668089027.581,20
SCAI-ECG-BP,user_sensei_661,1668089028.581,21
SCAI-ECG-BP,user_sensei_661,1668089029.581,21
SCAI-ECG-BP,user_sensei_661,1668089030.581,21
SCAI-ECG-BP,user_sensei_661,1668089031.581,22
SCAI-ECG-BP,user_sensei_661,1668089032.581,22
SCAI-ECG-BP,user_sensei_661,1668089033.581,22
SCAI-ECG-BP,user_sensei_661,1668089034.581,22
SCAI-ECG-BP,user_sensei_661,1668089035.581,22
SCAI-ECG-BP,user_sensei_661,1668089036.581,23
SCAI-ECG-BP,user_sensei_661,1668089037.581,22
SCAI-ECG-BP,user_sensei_661,1668089038.581,22
SCAI-ECG-BP,user_sensei_661,1668089039.581,22
SCAI-ECG-BP,user_sensei_661,1668089040.581,22
SCAI-ECG-BP,user_sensei_661,1668089041.581,22
SCAI-ECG-BP,user_sensei_661,1668089042.581,22
SCAI-ECG-BP,user_sensei_661,1668089043.581,22
SCAI-ECG-BP,user_sensei_661,1668089044.581,22
SCAI-ECG-BP,user_sensei_661,1668089045.581,22
SCAI-ECG-BP,user_sensei_661,1668089046.581,22
SCAI-ECG-BP,user_sensei_661,1668089047.581,22
SCAI-ECG-BP,user_sensei_661,1668089048.581,22
SCAI-ECG-BP,user_sensei_661,1668089049.581,22
SCAI-ECG-BP,user_sensei_661,1668089050.581,22
SCAI-ECG-BP,user_sensei_661,1668089051.581,21
SCAI-ECG-BP,user_sensei_661,1668089052.581,21
SCAI-ECG-BP,user_sensei_661,1668089053.581,21
SCAI-ECG-BP,user_sensei_661,1668089054.581,21
SCAI-ECG-BP,user_sensei_661,1668089055.581,21
SCAI-ECG-BP,user_sensei_661,1668089056.581,21
SCAI-ECG-BP,user_sensei_661,1668089057.581,21
SCAI-ECG-BP,user_sensei_661,1668089058.581,20
SCAI-ECG-BP,user_sensei_661,1668089059.581,20
SCAI-ECG-BP,user_sensei_661,1668089060.581,20
SCAI-ECG-BP,user_sensei_661,1668089061.581,20
SCAI-ECG-BP,user_sensei_661,1668089062.581,20
SCAI-ECG-BP,user_sensei_661,1668089063.581,20
SCAI-ECG-BP,user_sensei_661,1668089064.581,20
SCAI-ECG-BP,user_sensei_661,1668089065.581,20
SCAI-ECG-BP,user_sensei_661,1668089066.581,20
SCAI-ECG-BP,user_sensei_661,1668089067.581,20
SCAI-ECG-BP,user_sensei_661,1668089068.581,20
SCAI-ECG-BP,user_sensei_661,1668089069.581,20
SCAI-ECG-BP,user_sensei_661,1668089070.581,20
SCAI-ECG-BP,user_sensei_661,1668089071.581,20
SCAI-ECG-BP,user_sensei_661,1668089072.581,20
SCAI-ECG-BP,user_sensei_661,1668089073.581,20
SCAI-ECG-BP,user_sensei_661,1668089074.581,20
SCAI-ECG-BP,user_sensei_661,1668089075.581,20
SCAI-ECG-BP,user_sensei_661,1668089076.581,21
SCAI-ECG-BP,user_sensei_661,1668089077.581,21
SCAI-ECG-BP,user_sensei_661,1668089078.581,21
SCAI-ECG-BP,user_sensei_661,1668089079.581,21
SCAI-ECG-BP,user_sensei_661,1668089080.581,21
SCAI-ECG-BP,user_sensei_661,1668089081.581,21
SCAI-ECG-BP,user_sensei_661,1668089082.581,21
SCAI-ECG-BP,user_sensei_661,1668089083.581,20
SCAI-ECG-BP,user_sensei_661,1668089084.581,20
SCAI-ECG-BP,user_sensei_661,1668089085.581,20
SCAI-ECG-BP,user_sensei_661,1668089086.581,20
SCAI-ECG-BP,user_sensei_661,1668089087.581,20
SCAI-ECG-BP,user_sensei_661,1668089088.581,20
SCAI-ECG-BP,user_sensei_661,1668089089.581,19
SCAI-ECG-BP,user_sensei_661,1668089090.581,19
SCAI-ECG-BP,user_sensei_661,1668089091.581,19
SCAI-ECG-BP,user_sensei_661,1668089092.581,19
SCAI-ECG-BP,user_sensei_661,1668089093.581,18
SCAI-ECG-BP,user_sensei_661,1668089094.581,18
SCAI-ECG-BP,user_sensei_661,1668089095.581,18
SCAI-ECG-BP,user_sensei_661,1668089096.581,17
SCAI-ECG-BP,user_sensei_661,1668089097.581,17
SCAI-ECG-BP,user_sensei_661,1668089098.581,16
SCAI-ECG-BP,user_sensei_661,1668089099.581,16
SCAI-ECG-BP,user_sensei_661,1668089100.581,16
SCAI-ECG-BP,user_sensei_661,1668089101.581,16
SCAI-ECG-BP,user_sensei_661,1668089102.581,15
SCAI-ECG-BP,user_sensei_661,1668089103.581,15
SCAI-ECG-BP,user_sensei_661,1668089104.581,15
SCAI-ECG-BP,user_sensei_661,1668089105.581,14
SCAI-ECG-BP,user_sensei_661,1668089106.581,14
SCAI-ECG-BP,user_sensei_661,1668089107.581,14
SCAI-ECG-BP,user_sensei_661,1668089108.581,14
SCAI-ECG-BP,user_sensei_661,1668089109.581,14
SCAI-ECG-BP,user_sensei_661,1668089110.581,14
SCAI-ECG-BP,user_sensei_661,1668089111.581,14
SCAI-ECG-BP,user_sensei_661,1668089112.581,14
SCAI-ECG-BP,user_sensei_661,1668089113.581,13
SCAI-ECG-BP,user_sensei_661,1668089114.581,13
SCAI-ECG-BP,user_sensei_661,1668089115.581,13
SCAI-ECG-BP,user_sensei_661,1668089116.581,13
SCAI-ECG-BP,user_sensei_661,1668089117.581,13
SCAI-ECG-BP,user_sensei_661,1668089118.581,13
SCAI-ECG-BP,user_sensei_661,1668089119.581,13
SCAI-ECG-BP,user_sensei_661,1668089120.581,13
SCAI-ECG-BP,user_sensei_661,1668089121.581,13
SCAI-ECG-BP,user_sensei_661,1668089122.581,13
SCAI-ECG-BP,user_sensei_661,1668089123.581,13
SCAI-ECG-BP,user_sensei_661,1668089124.581,13
SCAI-ECG-BP,user_sensei_661,1668089125.581,13
SCAI-ECG-BP,user_sensei_661,1668089126.581,13
SCAI-ECG-BP,user_sensei_661,1668089127.581,13
SCAI-ECG-BP,user_sensei_661,1668089128.581,13
SCAI-ECG-BP,user_sensei_661,1668089129.581,13
SCAI-ECG-BP,user_sensei_661,1668089130.581,13
SCAI-ECG-BP,user_sensei_661,1668089131.581,13
SCAI-ECG-BP,user_sensei_661,1668089132.581,13
SCAI-ECG-BP,user_sensei_661,1668089133.581,13
SCAI-ECG-BP,user_sensei_661,1668089134.581,12
SCAI-ECG-BP,user_sensei_661,1668089135.581,12
SCAI-ECG-BP,user_sensei_661,1668089136.581,13
SCAI-ECG-BP,user_sensei_661,1668089137.581,13
SCAI-ECG-BP,user_sensei_661,1668089138.581,13
SCAI-ECG-BP,user_sensei_661,1668089139.581,12
SCAI-ECG-BP,user_sensei_661,1668089140.581,12
SCAI-ECG-BP,user_sensei_661,1668089141.581,12
SCAI-ECG-BP,user_sensei_661,1668089142.581,12
SCAI-ECG-BP,user_sensei_661,1668089143.581,13
SCAI-ECG-BP,user_sensei_661,1668089144.581,13
SCAI-ECG-BP,user_sensei_661,1668089145.581,13
SCAI-ECG-BP,user_sensei_661,1668089146.581,13
SCAI-ECG-BP,user_sensei_661,1668089147.581,13
SCAI-ECG-BP,user_sensei_661,1668089148.581,13
SCAI-ECG-BP,user_sensei_661,1668089149.581,14
SCAI-ECG-BP,user_sensei_661,1668089150.581,14
SCAI-ECG-BP,user_sensei_661,1668089151.581,14
SCAI-ECG-BP,user_sensei_661,1668089152.581,14
SCAI-ECG-BP,user_sensei_661,1668089153.581,14
SCAI-ECG-BP,user_sensei_661,1668089154.581,14
SCAI-ECG-BP,user_sensei_661,1668089155.581,14
SCAI-ECG-BP,user_sensei_661,1668089156.581,14
SCAI-ECG-BP,user_sensei_661,1668089157.581,14
SCAI-ECG-BP,user_sensei_661,1668089158.581,14
SCAI-ECG-BP,user_sensei_661,1668089159.581,14
SCAI-ECG-BP,user_sensei_661,1668089160.581,14
SCAI-ECG-BP,user_sensei_661,1668089161.581,15
SCAI-ECG-BP,user_sensei_661,1668089162.581,16
SCAI-ECG-BP,user_sensei_661,1668089163.581,16
SCAI-ECG-BP,user_sensei_661,1668089164.581,16
SCAI-ECG-BP,user_sensei_661,1668089165.581,16
SCAI-ECG-BP,user_sensei_661,1668089166.581,16
SCAI-ECG-BP,user_sensei_661,1668089167.581,16
SCAI-ECG-BP,user_sensei_661,1668089168.581,16
SCAI-ECG-BP,user_sensei_661,1668089169.581,16
SCAI-ECG-BP,user_sensei_661,1668089170.581,16
SCAI-ECG-BP,user_sensei_661,1668089171.581,16
SCAI-ECG-BP,user_sensei_661,1668089172.581,16
SCAI-ECG-BP,user_sensei_661,1668089173.581,16
SCAI-ECG-BP,user_sensei_661,1668089174.581,16
SCAI-ECG-BP,user_sensei_661,1668089175.581,16
SCAI-ECG-BP,user_sensei_661,1668089176.581,16
SCAI-ECG-BP,user_sensei_661,1668089177.581,16
SCAI-ECG-BP,user_sensei_661,1668089178.581,16
SCAI-ECG-BP,user_sensei_661,1668089179.581,16
SCAI-ECG-BP,user_sensei_661,1668089180.581,16
SCAI-ECG-BP,user_sensei_661,1668089181.581,16
SCAI-ECG-BP,user_sensei_661,1668089182.581,16
SCAI-ECG-BP,user_sensei_661,1668089183.581,16
SCAI-ECG-BP,user_sensei_661,1668089184.581,16
SCAI-ECG-BP,user_sensei_661,1668089185.581,15
SCAI-ECG-BP,user_sensei_661,1668089186.581,15
SCAI-ECG-BP,user_sensei_661,1668089187.581,14
SCAI-ECG-BP,user_sensei_661,1668089188.581,14
SCAI-ECG-BP,user_sensei_661,1668089189.581,14
SCAI-ECG-BP,user_sensei_661,1668089190.581,15
SCAI-ECG-BP,user_sensei_661,1668089191.581,15
SCAI-ECG-BP,user_sensei_661,1668089192.581,15
SCAI-ECG-BP,user_sensei_661,1668089193.581,15
SCAI-ECG-BP,user_sensei_661,1668089194.581,15
SCAI-ECG-BP,user_sensei_661,1668089195.581,15
SCAI-ECG-BP,user_sensei_661,1668089196.581,15
SCAI-ECG-BP,user_sensei_661,1668089197.581,16
SCAI-ECG-BP,user_sensei_661,1668089198.581,16
SCAI-ECG-BP,user_sensei_661,1668089199.581,17
SCAI-ECG-BP,user_sensei_661,1668089200.581,17
SCAI-ECG-BP,user_sensei_661,1668089201.581,18
SCAI-ECG-BP,user_sensei_661,1668089202.581,18
SCAI-ECG-BP,user_sensei_661,1668089203.581,18
SCAI-ECG-BP,user_sensei_661,1668089204.581,18
SCAI-ECG-BP,user_sensei_661,1668089205.581,18
SCAI-ECG-BP,user_sensei_661,1668089206.581,18
SCAI-ECG-BP,user_sensei_661,1668089207.581,18
SCAI-ECG-BP,user_sensei_661,1668089208.581,18
SCAI-ECG-BP,user_sensei_661,1668089209.581,18
SCAI-ECG-BP,user_sensei_661,1668089210.581,18
SCAI-ECG-BP,user_sensei_661,1668089211.581,18
SCAI-ECG-BP,user_sensei_661,1668089212.581,18
SCAI-ECG-BP,user_sensei_661,1668089213.581,18
SCAI-ECG-BP,user_sensei_661,1668089214.581,18
SCAI-ECG-BP,user_sensei_661,1668089215.581,18
SCAI-ECG-BP,user_sensei_661,1668089216.581,18
SCAI-ECG-BP,user_sensei_661,1668089217.581,18
SCAI-ECG-BP,user_sensei_661,1668089218.581,18
SCAI-ECG-BP,user_sensei_661,1668089219.581,18
SCAI-ECG-BP,user_sensei_661,1668089220.581,18
SCAI-ECG-BP,user_sensei_661,1668089221.581,18
SCAI-ECG-BP,user_sensei_661,1668089222.581,18
SCAI-ECG-BP,user_sensei_661,1668089223.581,18
SCAI-ECG-BP,user_sensei_661,1668089224.581,18
SCAI-ECG-BP,user_sensei_661,1668089225.581,18
SCAI-ECG-BP,user_sensei_661,1668089226.581,18
SCAI-ECG-BP,user_sensei_661,1668089227.581,18
SCAI-ECG-BP,user_sensei_661,1668089228.581,17
SCAI-ECG-BP,user_sensei_661,1668089229.581,17
SCAI-ECG-BP,user_sensei_661,1668089230.581,17
SCAI-ECG-BP,user_sensei_661,1668089231.581,17
SCAI-ECG-BP,user_sensei_661,1668089232.581,16
SCAI-ECG-BP,user_sensei_661,1668089233.581,16
SCAI-ECG-BP,user_sensei_661,1668089234.581,16
SCAI-ECG-BP,user_sensei_661,1668089235.581,16
SCAI-ECG-BP,user_sensei_661,1668089236.581,16
SCAI-ECG-BP,user_sensei_661,1668089237.581,16
SCAI-ECG-BP,user_sensei_661,1668089238.581,16
SCAI-ECG-BP,user_sensei_661,1668089239.581,15
SCAI-ECG-BP,user_sensei_661,1668089240.581,15
SCAI-ECG-BP,user_sensei_661,1668089241.581,14
SCAI-ECG-BP,user_sensei_661,1668089242.581,14
SCAI-ECG-BP,user_sensei_661,1668089243.581,14
SCAI-ECG-BP,user_sensei_661,1668089244.581,15
SCAI-ECG-BP,user_sensei_661,1668089245.581,14
SCAI-ECG-BP,user_sensei_661,1668089246.581,14
SCAI-ECG-BP,user_sensei_661,1668089247.581,14
SCAI-ECG-BP,user_sensei_661,1668089248.581,14
SCAI-ECG-BP,user_sensei_661,1668089249.581,13
SCAI-ECG-BP,user_sensei_661,1668089250.581,13
SCAI-ECG-BP,user_sensei_661,1668089251.581,13
SCAI-ECG-BP,user_sensei_661,1668089252.581,13
SCAI-ECG-BP,user_sensei_661,1668089253.581,13
SCAI-ECG-BP,user_sensei_661,1668089254.581,14
SCAI-ECG-BP,user_sensei_661,1668089255.581,14
SCAI-ECG-BP,user_sensei_661,1668089256.581,15
SCAI-ECG-BP,user_sensei_661,1668089257.581,16
SCAI-ECG-BP,user_sensei_661,1668089258.581,17
SCAI-ECG-BP,user_sensei_661,1668089259.581,17
SCAI-ECG-BP,user_sensei_661,1668089260.581,18
SCAI-ECG-BP,user_sensei_661,1668089261.581,19
SCAI-ECG-BP,user_sensei_661,1668089262.581,19
SCAI-ECG-BP,user_sensei_661,1668089263.581,20
SCAI-ECG-BP,user_sensei_661,1668089264.581,20
SCAI-ECG-BP,user_sensei_661,1668089265.581,21
SCAI-ECG-BP,user_sensei_661,1668089266.581,22
SCAI-ECG-BP,user_sensei_661,1668089267.581,22
SCAI-ECG-BP,user_sensei_661,1668089268.581,23
SCAI-ECG-BP,user_sensei_661,1668089269.581,24
SCAI-ECG-BP,user_sensei_661,1668089270.581,24
SCAI-ECG-BP,user_sensei_661,1668089271.581,24
SCAI-ECG-BP,user_sensei_661,1668089272.581,24
SCAI-ECG-BP,user_sensei_661,1668089273.581,23
SCAI-ECG-BP,user_sensei_661,1668089274.581,23
SCAI-ECG-BP,user_sensei_661,1668089275.581,23
SCAI-ECG-BP,user_sensei_661,1668089276.581,22
SCAI-ECG-BP,user_sensei_661,1668089277.581,22
SCAI-ECG-BP,user_sensei_661,1668089278.581,21
SCAI-ECG-BP,user_sensei_661,1668089279.581,21
SCAI-ECG-BP,user_sensei_661,1668089280.581,21
SCAI-ECG-BP,user_sensei_661,1668089281.581,20
SCAI-ECG-BP,user_sensei_661,1668089282.581,20
SCAI-ECG-BP,user_sensei_661,1668089283.581,20
SCAI-ECG-BP,user_sensei_661,1668089284.581,20
SCAI-ECG-BP,user_sensei_661,1668089285.581,19
SCAI-ECG-BP,user_sensei_661,1668089286.581,19
SCAI-ECG-BP,user_sensei_661,1668089287.581,19
SCAI-ECG-BP,user_sensei_661,1668089288.581,19
SCAI-ECG-BP,user_sensei_661,1668089289.581,18
SCAI-ECG-BP,user_sensei_661,1668089290.581,18
SCAI-ECG-BP,user_sensei_661,1668089291.581,18
SCAI-ECG-BP,user_sensei_661,1668089292.581,18
SCAI-ECG-BP,user_sensei_661,1668089293.581,18
SCAI-ECG-BP,user_sensei_661,1668089294.581,18
SCAI-ECG-BP,user_sensei_661,1668089295.581,18
SCAI-ECG-BP,user_sensei_661,1668089296.581,18
SCAI-ECG-BP,user_sensei_661,1668089297.581,18
SCAI-ECG-BP,user_sensei_661,1668089298.581,18
SCAI-ECG-BP,user_sensei_661,1668089299.581,19
SCAI-ECG-BP,user_sensei_661,1668089300.581,19
SCAI-ECG-BP,user_sensei_661,1668089301.581,19
SCAI-ECG-BP,user_sensei_661,1668089302.581,19
SCAI-ECG-BP,user_sensei_661,1668089303.581,19
SCAI-ECG-BP,user_sensei_661,1668089304.581,19
SCAI-ECG-BP,user_sensei_661,1668089305.581,19
SCAI-ECG-BP,user_sensei_661,1668089306.581,19
SCAI-ECG-BP,user_sensei_661,1668089307.581,19
SCAI-ECG-BP,user_sensei_661,1668089308.581,19
SCAI-ECG-BP,user_sensei_661,1668089309.581,19
SCAI-ECG-BP,user_sensei_661,1668089310.581,19
SCAI-ECG-BP,user_sensei_661,1668089311.581,19
SCAI-ECG-BP,user_sensei_661,1668089312.581,19
SCAI-ECG-BP,user_sensei_661,1668089313.581,19
SCAI-ECG-BP,user_sensei_661,1668089314.581,19
SCAI-ECG-BP,user_sensei_661,1668089315.581,19
SCAI-ECG-BP,user_sensei_661,1668089316.581,18
SCAI-ECG-BP,user_sensei_661,1668089317.581,18
SCAI-ECG-BP,user_sensei_661,1668089318.581,18
SCAI-ECG-BP,user_sensei_661,1668089319.581,18
SCAI-ECG-BP,user_sensei_661,1668089320.581,18
SCAI-ECG-BP,user_sensei_661,1668089321.581,18
SCAI-ECG-BP,user_sensei_661,1668089322.581,18
SCAI-ECG-BP,user_sensei_661,1668089323.581,18
SCAI-ECG-BP,user_sensei_661,1668089324.581,18
SCAI-ECG-BP,user_sensei_661,1668089325.581,18
SCAI-ECG-BP,user_sensei_661,1668089326.581,18
SCAI-ECG-BP,user_sensei_661,1668089327.581,18
SCAI-ECG-BP,user_sensei_661,1668089328.581,18
SCAI-ECG-BP,user_sensei_661,1668089329.581,17
SCAI-ECG-BP,user_sensei_661,1668089330.581,17
SCAI-ECG-BP,user_sensei_661,1668089331.581,17
SCAI-ECG-BP,user_sensei_661,1668089332.581,17
SCAI-ECG-BP,user_sensei_661,1668089333.581,17
SCAI-ECG-BP,user_sensei_661,1668089334.581,17
SCAI-ECG-BP,user_sensei_661,1668089335.581,16
SCAI-ECG-BP,user_sensei_661,1668089336.581,16
SCAI-ECG-BP,user_sensei_661,1668089337.581,16
SCAI-ECG-BP,user_sensei_661,1668089338.581,17
SCAI-ECG-BP,user_sensei_661,1668089339.581,17
SCAI-ECG-BP,user_sensei_661,1668089340.581,17
SCAI-ECG-BP,user_sensei_661,1668089341.581,17
SCAI-ECG-BP,user_sensei_661,1668089342.581,17
SCAI-ECG-BP,user_sensei_661,1668089343.581,17
SCAI-ECG-BP,user_sensei_661,1668089344.581,17
SCAI-ECG-BP,user_sensei_661,1668089345.581,17
SCAI-ECG-BP,user_sensei_661,1668089346.581,18
SCAI-ECG-BP,user_sensei_661,1668089347.581,18
SCAI-ECG-BP,user_sensei_661,1668089348.581,18
SCAI-ECG-BP,user_sensei_661,1668089349.581,18
SCAI-ECG-BP,user_sensei_661,1668089350.581,18
SCAI-ECG-BP,user_sensei_661,1668089351.581,18
SCAI-ECG-BP,user_sensei_661,1668089352.581,18
SCAI-ECG-BP,user_sensei_661,1668089353.581,18
SCAI-ECG-BP,user_sensei_661,1668089354.581,18
SCAI-ECG-BP,user_sensei_661,1668089355.581,18
SCAI-ECG-BP,user_sensei_661,1668089356.581,18
SCAI-ECG-BP,user_sensei_661,1668089357.581,18
SCAI-ECG-BP,user_sensei_661,1668089358.581,18
SCAI-ECG-BP,user_sensei_661,1668089359.581,18
SCAI-ECG-BP,user_sensei_661,1668089360.581,18
SCAI-ECG-BP,user_sensei_661,1668089361.581,19
SCAI-ECG-BP,user_sensei_661,1668089362.581,19
SCAI-ECG-BP,user_sensei_661,1668089363.581,18
SCAI-ECG-BP,user_sensei_661,1668089364.581,19
SCAI-ECG-BP,user_sensei_661,1668089365.581,19
SCAI-ECG-BP,user_sensei_661,1668089366.581,19
SCAI-ECG-BP,user_sensei_661,1668089367.581,19
SCAI-ECG-BP,user_sensei_661,1668089368.581,19
SCAI-ECG-BP,user_sensei_661,1668089369.581,19
SCAI-ECG-BP,user_sensei_661,1668089370.581,19
SCAI-ECG-BP,user_sensei_661,1668089371.581,18
SCAI-ECG-BP,user_sensei_661,1668089372.581,18
SCAI-ECG-BP,user_sensei_661,1668089373.581,18
SCAI-ECG-BP,user_sensei_661,1668089374.581,18
SCAI-ECG-BP,user_sensei_661,1668089375.581,17
SCAI-ECG-BP,user_sensei_661,1668089376.581,17
SCAI-ECG-BP,user_sensei_661,1668089377.581,17
SCAI-ECG-BP,user_sensei_661,1668089378.581,16
SCAI-ECG-BP,user_sensei_661,1668089379.581,16
SCAI-ECG-BP,user_sensei_661,1668089380.581,16
SCAI-ECG-BP,user_sensei_661,1668089381.581,15
SCAI-ECG-BP,user_sensei_661,1668089382.581,15
SCAI-ECG-BP,user_sensei_661,1668089383.581,14
SCAI-ECG-BP,user_sensei_661,1668089384.581,14
SCAI-ECG-BP,user_sensei_661,1668089385.581,14
SCAI-ECG-BP,user_sensei_661,1668089386.581,14
SCAI-ECG-BP,user_sensei_661,1668089387.581,14
SCAI-ECG-BP,user_sensei_661,1668089388.581,13
SCAI-ECG-BP,user_sensei_661,1668089389.581,13
SCAI-ECG-BP,user_sensei_661,1668089390.581,13
SCAI-ECG-BP,user_sensei_661,1668089391.581,13
SCAI-ECG-BP,user_sensei_661,1668089392.581,13
SCAI-ECG-BP,user_sensei_661,1668089393.581,13
SCAI-ECG-BP,user_sensei_661,1668089394.581,14
SCAI-ECG-BP,user_sensei_661,1668089395.581,14
SCAI-ECG-BP,user_sensei_661,1668089396.581,14
SCAI-ECG-BP,user_sensei_661,1668089397.581,14
SCAI-ECG-BP,user_sensei_661,1668089398.581,14
SCAI-ECG-BP,user_sensei_661,1668089399.581,14
SCAI-ECG-BP,user_sensei_661,1668089400.581,15
SCAI-ECG-BP,user_sensei_661,1668089401.581,15
SCAI-ECG-BP,user_sensei_661,1668089402.581,15
SCAI-ECG-BP,user_sensei_661,1668089403.581,15
SCAI-ECG-BP,user_sensei_661,1668089404.581,16
SCAI-ECG-BP,user_sensei_661,1668089405.581,16
SCAI-ECG-BP,user_sensei_661,1668089406.581,16
SCAI-ECG-BP,user_sensei_661,1668089407.581,16
SCAI-ECG-BP,user_sensei_661,1668089408.581,16
SCAI-ECG-BP,user_sensei_661,1668089409.581,16
SCAI-ECG-BP,user_sensei_661,1668089410.581,16
SCAI-ECG-BP,user_sensei_661,1668089411.581,16
SCAI-ECG-BP,user_sensei_661,1668089412.581,16
SCAI-ECG-BP,user_sensei_661,1668089413.581,16
SCAI-ECG-BP,user_sensei_661,1668089414.581,16
SCAI-ECG-BP,user_sensei_661,1668089415.581,15
SCAI-ECG-BP,user_sensei_661,1668089416.581,15
SCAI-ECG-BP,user_sensei_661,1668089417.581,15
SCAI-ECG-BP,user_sensei_661,1668089418.581,14
SCAI-ECG-BP,user_sensei_661,1668089419.581,14
SCAI-ECG-BP,user_sensei_661,1668089420.581,13
SCAI-ECG-BP,user_sensei_661,1668089421.581,13
SCAI-ECG-BP,user_sensei_661,1668089422.581,12
SCAI-ECG-BP,user_sensei_661,1668089423.581,12
SCAI-ECG-BP,user_sensei_661,1668089424.581,12
SCAI-ECG-BP,user_sensei_661,1668089425.581,11
SCAI-ECG-BP,user_sensei_661,1668089426.581,11
SCAI-ECG-BP,user_sensei_661,1668089427.581,11
SCAI-ECG-BP,user_sensei_661,1668089428.581,11
SCAI-ECG-BP,user_sensei_661,1668089429.581,11
SCAI-ECG-BP,user_sensei_661,1668089430.581,10
SCAI-ECG-BP,user_sensei_661,1668089431.581,10
SCAI-ECG-BP,user_sensei_661,1668089432.581,10
SCAI-ECG-BP,user_sensei_661,1668089433.581,11
SCAI-ECG-BP,user_sensei_661,1668089434.581,11
SCAI-ECG-BP,user_sensei_661,1668089435.581,11
SCAI-ECG-BP,user_sensei_661,1668089436.581,11
SCAI-ECG-BP,user_sensei_661,1668089437.581,12
SCAI-ECG-BP,user_sensei_661,1668089438.581,12
SCAI-ECG-BP,user_sensei_661,1668089439.581,12
SCAI-ECG-BP,user_sensei_661,1668089440.581,13
SCAI-ECG-BP,user_sensei_661,1668089441.581,13
SCAI-ECG-BP,user_sensei_661,1668089442.581,14
SCAI-ECG-BP,user_sensei_661,1668089443.581,15
SCAI-ECG-BP,user_sensei_661,1668089444.581,15
SCAI-ECG-BP,user_sensei_661,1668089445.581,16
SCAI-ECG-BP,user_sensei_661,1668089446.581,16
SCAI-ECG-BP,user_sensei_661,1668089447.581,16
SCAI-ECG-BP,user_sensei_661,1668089448.581,17
SCAI-ECG-BP,user_sensei_661,1668089449.581,17
SCAI-ECG-BP,user_sensei_661,1668089450.581,17
SCAI-ECG-BP,user_sensei_661,1668089451.581,18
SCAI-ECG-BP,user_sensei_661,1668089452.581,19
SCAI-ECG-BP,user_sensei_661,1668089453.581,19
SCAI-ECG-BP,user_sensei_661,1668089454.581,19
SCAI-ECG-BP,user_sensei_661,1668089455.581,20
SCAI-ECG-BP,user_sensei_661,1668089456.581,20
SCAI-ECG-BP,user_sensei_661,1668089457.581,20
SCAI-ECG-BP,user_sensei_661,1668089458.581,21
SCAI-ECG-BP,user_sensei_661,1668089459.581,21
SCAI-ECG-BP,user_sensei_661,1668089460.581,21
SCAI-ECG-BP,user_sensei_661,1668089461.581,21
SCAI-ECG-BP,user_sensei_661,1668089462.581,21
SCAI-ECG-BP,user_sensei_661,1668089463.581,20
SCAI-ECG-BP,user_sensei_661,1668089464.581,20
SCAI-ECG-BP,user_sensei_661,1668089465.581,20
SCAI-ECG-BP,user_sensei_661,1668089466.581,19
SCAI-ECG-BP,user_sensei_661,1668089467.581,19
SCAI-ECG-BP,user_sensei_661,1668089468.581,19
SCAI-ECG-BP,user_sensei_661,1668089469.581,20
SCAI-ECG-BP,user_sensei_661,1668089470.581,20
SCAI-ECG-BP,user_sensei_661,1668089471.581,20
SCAI-ECG-BP,user_sensei_661,1668089472.581,20
SCAI-ECG-BP,user_sensei_661,1668089473.581,20
SCAI-ECG-BP,user_sensei_661,1668089474.581,20
SCAI-ECG-BP,user_sensei_661,1668089475.581,20
SCAI-ECG-BP,user_sensei_661,1668089476.581,20
SCAI-ECG-BP,user_sensei_661,1668089477.581,20
SCAI-ECG-BP,user_sensei_661,1668089478.581,20
SCAI-ECG-BP,user_sensei_661,1668089479.581,21
SCAI-ECG-BP,user_sensei_661,1668089480.581,21
SCAI-ECG-BP,user_sensei_661,1668089481.581,21
SCAI-ECG-BP,user_sensei_661,1668089482.581,21
SCAI-ECG-BP,user_sensei_661,1668089483.581,21
SCAI-ECG-BP,user_sensei_661,1668089484.581,21
SCAI-ECG-BP,user_sensei_661,1668089485.581,21
SCAI-ECG-BP,user_sensei_661,1668089486.581,21
SCAI-ECG-BP,user_sensei_661,1668089487.581,20
SCAI-ECG-BP,user_sensei_661,1668089488.581,20
SCAI-ECG-BP,user_sensei_661,1668089489.581,20
SCAI-ECG-BP,user_sensei_661,1668089490.581,20
SCAI-ECG-BP,user_sensei_661,1668089491.581,20
SCAI-ECG-BP,user_sensei_661,1668089492.581,20
SCAI-ECG-BP,user_sensei_661,1668089493.581,20
SCAI-ECG-BP,user_sensei_661,1668089494.581,20
SCAI-ECG-BP,user_sensei_661,1668089495.581,20
SCAI-ECG-BP,user_sensei_661,1668089496.581,20
SCAI-ECG-BP,user_sensei_661,1668089497.581,19
SCAI-ECG-BP,user_sensei_661,1668089498.581,19
SCAI-ECG-BP,user_sensei_661,1668089499.581,19
SCAI-ECG-BP,user_sensei_661,1668089500.581,19
SCAI-ECG-BP,user_sensei_661,1668089501.581,18
SCAI-ECG-BP,user_sensei_661,1668089502.581,18
SCAI-ECG-BP,user_sensei_661,1668089503.581,18
SCAI-ECG-BP,user_sensei_661,1668089504.581,18
SCAI-ECG-BP,user_sensei_661,1668089505.581,17
SCAI-ECG-BP,user_sensei_661,1668089506.581,17
SCAI-ECG-BP,user_sensei_661,1668089507.581,17
SCAI-ECG-BP,user_sensei_661,1668089508.581,17
SCAI-ECG-BP,user_sensei_661,1668089509.581,17
SCAI-ECG-BP,user_sensei_661,1668089510.581,17
SCAI-ECG-BP,user_sensei_661,1668089511.581,16
SCAI-ECG-BP,user_sensei_661,1668089512.581,16
SCAI-ECG-BP,user_sensei_661,1668089513.581,16
SCAI-ECG-BP,user_sensei_661,1668089514.581,15
SCAI-ECG-BP,user_sensei_661,1668089515.581,15
SCAI-ECG-BP,user_sensei_661,1668089516.581,14
SCAI-ECG-BP,user_sensei_661,1668089517.581,14
SCAI-ECG-BP,user_sensei_661,1668089518.581,14
SCAI-ECG-BP,user_sensei_661,1668089519.581,14
SCAI-ECG-BP,user_sensei_661,1668089520.581,14
SCAI-ECG-BP,user_sensei_661,1668089521.581,14
SCAI-ECG-BP,user_sensei_661,1668089522.581,14
SCAI-ECG-BP,user_sensei_661,1668089523.581,14
SCAI-ECG-BP,user_sensei_661,1668089524.581,14
SCAI-ECG-BP,user_sensei_661,1668089525.581,14
SCAI-ECG-BP,user_sensei_661,1668089526.581,14
SCAI-ECG-BP,user_sensei_661,1668089527.581,14
SCAI-ECG-BP,user_sensei_661,1668089528.581,14
SCAI-ECG-BP,user_sensei_661,1668089529.581,14
SCAI-ECG-BP,user_sensei_661,1668089530.581,15
SCAI-ECG-BP,user_sensei_661,1668089531.581,15
SCAI-ECG-BP,user_sensei_661,1668089532.581,15
SCAI-ECG-BP,user_sensei_661,1668089533.581,15
SCAI-ECG-BP,user_sensei_661,1668089534.581,15
SCAI-ECG-BP,user_sensei_661,1668089535.581,15
SCAI-ECG-BP,user_sensei_661,1668089536.581,15
SCAI-ECG-BP,user_sensei_661,1668089537.581,15
SCAI-ECG-BP,user_sensei_661,1668089538.581,16
SCAI-ECG-BP,user_sensei_661,1668089539.581,16
SCAI-ECG-BP,user_sensei_661,1668089540.581,16
SCAI-ECG-BP,user_sensei_661,1668089541.581,16
SCAI-ECG-BP,user_sensei_661,1668089542.581,17
SCAI-ECG-BP,user_sensei_661,1668089543.581,17
SCAI-ECG-BP,user_sensei_661,1668089544.581,18
SCAI-ECG-BP,user_sensei_661,1668089545.581,18
SCAI-ECG-BP,user_sensei_661,1668089546.581,18
SCAI-ECG-BP,user_sensei_661,1668089547.581,18
SCAI-ECG-BP,user_sensei_661,1668089548.581,18
SCAI-ECG-BP,user_sensei_661,1668089549.581,18
SCAI-ECG-BP,user_sensei_661,1668089550.581,18
SCAI-ECG-BP,user_sensei_661,1668089551.581,18
SCAI-ECG-BP,user_sensei_661,1668089552.581,19
SCAI-ECG-BP,user_sensei_661,1668089553.581,19
SCAI-ECG-BP,user_sensei_661,1668089554.581,19
SCAI-ECG-BP,user_sensei_661,1668089555.581,20
SCAI-ECG-BP,user_sensei_661,1668089556.581,20
SCAI-ECG-BP,user_sensei_661,1668089557.581,21
SCAI-ECG-BP,user_sensei_661,1668089558.581,21
SCAI-ECG-BP,user_sensei_661,1668089559.581,21
SCAI-ECG-BP,user_sensei_661,1668089560.581,21
SCAI-ECG-BP,user_sensei_661,1668089561.581,21
SCAI-ECG-BP,user_sensei_661,1668089562.581,21
SCAI-ECG-BP,user_sensei_661,1668089563.581,21
SCAI-ECG-BP,user_sensei_661,1668089564.581,21
SCAI-ECG-BP,user_sensei_661,1668089565.581,21
SCAI-ECG-BP,user_sensei_661,1668089566.581,21
SCAI-ECG-BP,user_sensei_661,1668089567.581,21
SCAI-ECG-BP,user_sensei_661,1668089568.581,21
SCAI-ECG-BP,user_sensei_661,1668089569.581,21
SCAI-ECG-BP,user_sensei_661,1668089570.581,20
SCAI-ECG-BP,user_sensei_661,1668089571.581,20
SCAI-ECG-BP,user_sensei_661,1668089572.581,20
SCAI-ECG-BP,user_sensei_661,1668089573.581,20
SCAI-ECG-BP,user_sensei_661,1668089574.581,19
SCAI-ECG-BP,user_sensei_661,1668089575.581,19
SCAI-ECG-BP,user_sensei_661,1668089576.581,19
SCAI-ECG-BP,user_sensei_661,1668089577.581,19
SCAI-ECG-BP,user_sensei_661,1668089578.581,19
SCAI-ECG-BP,user_sensei_661,1668089579.581,19
SCAI-ECG-BP,user_sensei_661,1668089580.581,19
SCAI-ECG-BP,user_sensei_661,1668089581.581,18
SCAI-ECG-BP,user_sensei_661,1668089582.581,18
SCAI-ECG-BP,user_sensei_661,1668089583.581,17
SCAI-ECG-BP,user_sensei_661,1668089584.581,17
SCAI-ECG-BP,user_sensei_661,1668089585.581,17
SCAI-ECG-BP,user_sensei_661,1668089586.581,17
SCAI-ECG-BP,user_sensei_661,1668089587.581,17
SCAI-ECG-BP,user_sensei_661,1668089588.581,17
SCAI-ECG-BP,user_sensei_661,1668089589.581,17
SCAI-ECG-BP,user_sensei_661,1668089590.581,17
SCAI-ECG-BP,user_sensei_661,1668089591.581,16
SCAI-ECG-BP,user_sensei_661,1668089592.581,16
SCAI-ECG-BP,user_sensei_661,1668089593.581,16
SCAI-ECG-BP,user_sensei_661,1668089594.581,16
SCAI-ECG-BP,user_sensei_661,1668089595.581,16
SCAI-ECG-BP,user_sensei_661,1668089596.581,17
SCAI-ECG-BP,user_sensei_661,1668089597.581,17
SCAI-ECG-BP,user_sensei_661,1668089598.581,17
SCAI-ECG-BP,user_sensei_661,1668089599.581,17
SCAI-ECG-BP,user_sensei_661,1668089600.581,17
SCAI-ECG-BP,user_sensei_661,1668089601.581,18
SCAI-ECG-BP,user_sensei_661,1668089602.581,18
SCAI-ECG-BP,user_sensei_661,1668089603.581,18
SCAI-ECG-BP,user_sensei_661,1668089604.581,19
SCAI-ECG-BP,user_sensei_661,1668089605.581,19
SCAI-ECG-BP,user_sensei_661,1668089606.581,19
SCAI-ECG-BP,user_sensei_661,1668089607.581,19
SCAI-ECG-BP,user_sensei_661,1668089608.581,19
SCAI-ECG-BP,user_sensei_661,1668089609.581,19
SCAI-ECG-BP,user_sensei_661,1668089610.581,19
SCAI-ECG-BP,user_sensei_661,1668089611.581,20
SCAI-ECG-BP,user_sensei_661,1668089612.581,20
SCAI-ECG-BP,user_sensei_661,1668089613.581,21
SCAI-ECG-BP,user_sensei_661,1668089614.581,21
SCAI-ECG-BP,user_sensei_661,1668089615.581,21
SCAI-ECG-BP,user_sensei_661,1668089616.581,22
SCAI-ECG-BP,user_sensei_661,1668089617.581,22
SCAI-ECG-BP,user_sensei_661,1668089618.581,22
SCAI-ECG-BP,user_sensei_661,1668089619.581,22
SCAI-ECG-BP,user_sensei_661,1668089620.581,22
SCAI-ECG-BP,user_sensei_661,1668089621.581,22
SCAI-ECG-BP,user_sensei_661,1668089622.581,22
SCAI-ECG-BP,user_sensei_661,1668089623.581,22
SCAI-ECG-BP,user_sensei_661,1668089624.581,21
SCAI-ECG-BP,user_sensei_661,1668089625.581,21
SCAI-ECG-BP,user_sensei_661,1668089626.581,21
SCAI-ECG-BP,user_sensei_661,1668089627.581,20
SCAI-ECG-BP,user_sensei_661,1668089628.581,20
SCAI-ECG-BP,user_sensei_661,1668089629.581,19
SCAI-ECG-BP,user_sensei_661,1668089630.581,19
SCAI-ECG-BP,user_sensei_661,1668089631.581,18
SCAI-ECG-BP,user_sensei_661,1668089632.581,17
SCAI-ECG-BP,user_sensei_661,1668089633.581,16
SCAI-ECG-BP,user_sensei_661,1668089634.581,15
SCAI-ECG-BP,user_sensei_661,1668089635.581,14
SCAI-ECG-BP,user_sensei_661,1668089636.581,14
SCAI-ECG-BP,user_sensei_661,1668089637.581,13
SCAI-ECG-BP,user_sensei_661,1668089638.581,13
SCAI-ECG-BP,user_sensei_661,1668089639.581,13
SCAI-ECG-BP,user_sensei_661,1668089640.581,13
SCAI-ECG-BP,user_sensei_661,1668089641.581,13
SCAI-ECG-BP,user_sensei_661,1668089642.581,13
SCAI-ECG-BP,user_sensei_661,1668089643.581,13
SCAI-ECG-BP,user_sensei_661,1668089644.581,13
SCAI-ECG-BP,user_sensei_661,1668089645.581,13
SCAI-ECG-BP,user_sensei_661,1668089646.581,13
SCAI-ECG-BP,user_sensei_661,1668089647.581,13
SCAI-ECG-BP,user_sensei_661,1668089648.581,14
SCAI-ECG-BP,user_sensei_661,1668089649.581,15
SCAI-ECG-BP,user_sensei_661,1668089650.581,15
SCAI-ECG-BP,user_sensei_661,1668089651.581,16
SCAI-ECG-BP,user_sensei_661,1668089652.581,17
SCAI-ECG-BP,user_sensei_661,1668089653.581,18
SCAI-ECG-BP,user_sensei_661,1668089654.581,18
SCAI-ECG-BP,user_sensei_661,1668089655.581,19
SCAI-ECG-BP,user_sensei_661,1668089656.581,20
SCAI-ECG-BP,user_sensei_661,1668089657.581,20
SCAI-ECG-BP,user_sensei_661,1668089658.581,21
SCAI-ECG-BP,user_sensei_661,1668089659.581,22
SCAI-ECG-BP,user_sensei_661,1668089660.581,22
SCAI-ECG-BP,user_sensei_661,1668089661.581,23
SCAI-ECG-BP,user_sensei_661,1668089662.581,23
SCAI-ECG-BP,user_sensei_661,1668089663.581,24
SCAI-ECG-BP,user_sensei_661,1668089664.581,24
SCAI-ECG-BP,user_sensei_661,1668089665.581,24
SCAI-ECG-BP,user_sensei_661,1668089666.581,24
SCAI-ECG-BP,user_sensei_661,1668089667.581,24
SCAI-ECG-BP,user_sensei_661,1668089668.581,24
SCAI-ECG-BP,user_sensei_661,1668089669.581,24
SCAI-ECG-BP,user_sensei_661,1668089670.581,24
SCAI-ECG-BP,user_sensei_661,1668089671.581,23
SCAI-ECG-BP,user_sensei_661,1668089672.581,23
SCAI-ECG-BP,user_sensei_661,1668089673.581,23
SCAI-ECG-BP,user_sensei_661,1668089674.581,23
SCAI-ECG-BP,user_sensei_661,1668089675.581,23
SCAI-ECG-BP,user_sensei_661,1668089676.581,23
SCAI-ECG-BP,user_sensei_661,1668089677.581,22
SCAI-ECG-BP,user_sensei_661,1668089678.581,22
SCAI-ECG-BP,user_sensei_661,1668089679.581,22
SCAI-ECG-BP,user_sensei_661,1668089680.581,22
SCAI-ECG-BP,user_sensei_661,1668089681.581,22
SCAI-ECG-BP,user_sensei_661,1668089682.581,22
SCAI-ECG-BP,user_sensei_661,1668089683.581,22
SCAI-ECG-BP,user_sensei_661,1668089684.581,23
SCAI-ECG-BP,user_sensei_661,1668089685.581,23
SCAI-ECG-BP,user_sensei_661,1668089686.581,22
SCAI-ECG-BP,user_sensei_661,1668089687.581,22
SCAI-ECG-BP,user_sensei_661,1668089688.581,22
SCAI-ECG-BP,user_sensei_661,1668089689.581,21
SCAI-ECG-BP,user_sensei_661,1668089690.581,21
SCAI-ECG-BP,user_sensei_661,1668089691.581,20
SCAI-ECG-BP,user_sensei_661,1668089692.581,19
SCAI-ECG-BP,user_sensei_661,1668089693.581,19
SCAI-ECG-BP,user_sensei_661,1668089694.581,19
SCAI-ECG-BP,user_sensei_661,1668089695.581,18
SCAI-ECG-BP,user_sensei_661,1668089696.581,18
SCAI-ECG-BP,user_sensei_661,1668089697.581,17
SCAI-ECG-BP,user_sensei_661,1668089698.581,17
SCAI-ECG-BP,user_sensei_661,1668089699.581,17
SCAI-ECG-BP,user_sensei_661,1668089700.581,16
SCAI-ECG-BP,user_sensei_661,1668089701.581,16
SCAI-ECG-BP,user_sensei_661,1668089702.581,15
SCAI-ECG-BP,user_sensei_661,1668089703.581,15
SCAI-ECG-BP,user_sensei_661,1668089704.581,15
SCAI-ECG-BP,user_sensei_661,1668089705.581,15
SCAI-ECG-BP,user_sensei_661,1668089706.581,15
SCAI-ECG-BP,user_sensei_661,1668089707.581,15
SCAI-ECG-BP,user_sensei_661,1668089708.581,15
SCAI-ECG-BP,user_sensei_661,1668089709.581,16
SCAI-ECG-BP,user_sensei_661,1668089710.581,16
SCAI-ECG-BP,user_sensei_661,1668089711.581,16
SCAI-ECG-BP,user_sensei_661,1668089712.581,17
SCAI-ECG-BP,user_sensei_661,1668089713.581,17
SCAI-ECG-BP,user_sensei_661,1668089714.581,18
SCAI-ECG-BP,user_sensei_661,1668089715.581,19
SCAI-ECG-BP,user_sensei_661,1668089716.581,18
SCAI-ECG-BP,user_sensei_661,1668089717.581,18
SCAI-ECG-BP,user_sensei_661,1668089718.581,19
SCAI-ECG-BP,user_sensei_661,1668089719.581,19
SCAI-ECG-BP,user_sensei_661,1668089720.581,19
SCAI-ECG-BP,user_sensei_661,1668089721.581,19
SCAI-ECG-BP,user_sensei_661,1668089722.581,19
SCAI-ECG-BP,user_sensei_661,1668089723.581,19
SCAI-ECG-BP,user_sensei_661,1668089724.581,19
SCAI-ECG-BP,user_sensei_661,1668089725.581,19
SCAI-ECG-BP,user_sensei_661,1668089726.581,19
SCAI-ECG-BP,user_sensei_661,1668089727.581,19
SCAI-ECG-BP,user_sensei_661,1668089728.581,19
SCAI-ECG-BP,user_sensei_661,1668089729.581,19
SCAI-ECG-BP,user_sensei_661,1668089730.581,20
SCAI-ECG-BP,user_sensei_661,1668089731.581,19
SCAI-ECG-BP,user_sensei_661,1668089732.581,19
SCAI-ECG-BP,user_sensei_661,1668089733.581,19
SCAI-ECG-BP,user_sensei_661,1668089734.581,19
SCAI-ECG-BP,user_sensei_661,1668089735.581,19
SCAI-ECG-BP,user_sensei_661,1668089736.581,20
SCAI-ECG-BP,user_sensei_661,1668089737.581,20
SCAI-ECG-BP,user_sensei_661,1668089738.581,20
SCAI-ECG-BP,user_sensei_661,1668089739.581,20
SCAI-ECG-BP,user_sensei_661,1668089740.581,20
SCAI-ECG-BP,user_sensei_661,1668089741.581,21
SCAI-ECG-BP,user_sensei_661,1668089742.581,20
SCAI-ECG-BP,user_sensei_661,1668089743.581,20
SCAI-ECG-BP,user_sensei_661,1668089744.581,21
SCAI-ECG-BP,user_sensei_661,1668089745.581,21
SCAI-ECG-BP,user_sensei_661,1668089746.581,21
SCAI-ECG-BP,user_sensei_661,1668089747.581,21
SCAI-ECG-BP,user_sensei_661,1668089748.581,21
SCAI-ECG-BP,user_sensei_661,1668089749.581,21
SCAI-ECG-BP,user_sensei_661,1668089750.581,21
SCAI-ECG-BP,user_sensei_661,1668089751.581,21
SCAI-ECG-BP,user_sensei_661,1668089752.581,21
SCAI-ECG-BP,user_sensei_661,1668089753.581,22
SCAI-ECG-BP,user_sensei_661,1668089754.581,22
SCAI-ECG-BP,user_sensei_661,1668089755.581,22
SCAI-ECG-BP,user_sensei_661,1668089756.581,22
SCAI-ECG-BP,user_sensei_661,1668089757.581,22
SCAI-ECG-BP,user_sensei_661,1668089758.581,22
SCAI-ECG-BP,user_sensei_661,1668089759.581,22
SCAI-ECG-BP,user_sensei_661,1668089760.581,22
SCAI-ECG-BP,user_sensei_661,1668089761.581,22
SCAI-ECG-BP,user_sensei_661,1668089762.581,22
SCAI-ECG-BP,user_sensei_661,1668089763.581,22
SCAI-ECG-BP,user_sensei_661,1668089764.581,22
SCAI-ECG-BP,user_sensei_661,1668089765.581,22
SCAI-ECG-BP,user_sensei_661,1668089766.581,22
SCAI-ECG-BP,user_sensei_661,1668089767.581,22
SCAI-ECG-BP,user_sensei_661,1668089768.581,22
SCAI-ECG-BP,user_sensei_661,1668089769.581,22
SCAI-ECG-BP,user_sensei_661,1668089770.581,22
SCAI-ECG-BP,user_sensei_661,1668089771.581,22
SCAI-ECG-BP,user_sensei_661,1668089772.581,22
SCAI-ECG-BP,user_sensei_661,1668089773.581,21
SCAI-ECG-BP,user_sensei_661,1668089774.581,21
SCAI-ECG-BP,user_sensei_661,1668089775.581,21
SCAI-ECG-BP,user_sensei_661,1668089776.581,21
SCAI-ECG-BP,user_sensei_661,1668089777.581,21
SCAI-ECG-BP,user_sensei_661,1668089778.581,20
SCAI-ECG-BP,user_sensei_661,1668089779.581,19
SCAI-ECG-BP,user_sensei_661,1668089780.581,19
SCAI-ECG-BP,user_sensei_661,1668089781.581,18
SCAI-ECG-BP,user_sensei_661,1668089782.581,18
SCAI-ECG-BP,user_sensei_661,1668089783.581,18
SCAI-ECG-BP,user_sensei_661,1668089784.581,17
SCAI-ECG-BP,user_sensei_661,1668089785.581,17
SCAI-ECG-BP,user_sensei_661,1668089786.581,17
SCAI-ECG-BP,user_sensei_661,1668089787.581,17
SCAI-ECG-BP,user_sensei_661,1668089788.581,17
SCAI-ECG-BP,user_sensei_661,1668089789.581,16
SCAI-ECG-BP,user_sensei_661,1668089790.581,16
SCAI-ECG-BP,user_sensei_661,1668089791.581,16
SCAI-ECG-BP,user_sensei_661,1668089792.581,17
SCAI-ECG-BP,user_sensei_661,1668089793.581,17
SCAI-ECG-BP,user_sensei_661,1668089794.581,17
SCAI-ECG-BP,user_sensei_661,1668089795.581,17
SCAI-ECG-BP,user_sensei_661,1668089796.581,18
SCAI-ECG-BP,user_sensei_661,1668089797.581,18
SCAI-ECG-BP,user_sensei_661,1668089798.581,18
SCAI-ECG-BP,user_sensei_661,1668089799.581,18
SCAI-ECG-BP,user_sensei_661,1668089800.581,19
SCAI-ECG-BP,user_sensei_661,1668089801.581,19
SCAI-ECG-BP,user_sensei_661,1668089802.581,19
SCAI-ECG-BP,user_sensei_661,1668089803.581,19
SCAI-ECG-BP,user_sensei_661,1668089804.581,19
SCAI-ECG-BP,user_sensei_661,1668089805.581,20
SCAI-ECG-BP,user_sensei_661,1668089806.581,20
SCAI-ECG-BP,user_sensei_661,1668089807.581,20
SCAI-ECG-BP,user_sensei_661,1668089808.581,20
SCAI-ECG-BP,user_sensei_661,1668089809.581,21
SCAI-ECG-BP,user_sensei_661,1668089810.581,21
SCAI-ECG-BP,user_sensei_661,1668089811.581,21
SCAI-ECG-BP,user_sensei_661,1668089812.581,21
SCAI-ECG-BP,user_sensei_661,1668089813.581,21
SCAI-ECG-BP,user_sensei_661,1668089814.581,22
SCAI-ECG-BP,user_sensei_661,1668089815.581,22
SCAI-ECG-BP,user_sensei_661,1668089816.581,22
SCAI-ECG-BP,user_sensei_661,1668089817.581,23
SCAI-ECG-BP,user_sensei_661,1668089818.581,23
SCAI-ECG-BP,user_sensei_661,1668089819.581,23
SCAI-ECG-BP,user_sensei_661,1668089820.581,23
SCAI-ECG-BP,user_sensei_661,1668089821.581,24
SCAI-ECG-BP,user_sensei_661,1668089822.581,24
SCAI-ECG-BP,user_sensei_661,1668089823.581,24
SCAI-ECG-BP,user_sensei_661,1668089824.581,24
SCAI-ECG-BP,user_sensei_661,1668089825.581,24
SCAI-ECG-BP,user_sensei_661,1668089826.581,24
SCAI-ECG-BP,user_sensei_661,1668089827.581,24
SCAI-ECG-BP,user_sensei_661,1668089828.581,24
SCAI-ECG-BP,user_sensei_661,1668089829.581,24
SCAI-ECG-BP,user_sensei_661,1668089830.581,24
SCAI-ECG-BP,user_sensei_661,1668089831.581,24
SCAI-ECG-BP,user_sensei_661,1668089832.581,24
SCAI-ECG-BP,user_sensei_661,1668089833.581,23
SCAI-ECG-BP,user_sensei_661,1668089834.581,23
SCAI-ECG-BP,user_sensei_661,1668089835.581,23
SCAI-ECG-BP,user_sensei_661,1668089836.581,23
SCAI-ECG-BP,user_sensei_661,1668089837.581,23
SCAI-ECG-BP,user_sensei_661,1668089838.581,23
SCAI-ECG-BP,user_sensei_661,1668089839.581,23
SCAI-ECG-BP,user_sensei_661,1668089840.581,23
SCAI-ECG-BP,user_sensei_661,1668089841.581,23
SCAI-ECG-BP,user_sensei_661,1668089842.581,23
SCAI-ECG-BP,user_sensei_661,1668089843.581,23
SCAI-ECG-BP,user_sensei_661,1668089844.581,23
SCAI-ECG-BP,user_sensei_661,1668089845.581,23
SCAI-ECG-BP,user_sensei_661,1668089846.581,23
SCAI-ECG-BP,user_sensei_661,1668089847.581,23
SCAI-ECG-BP,user_sensei_661,1668089848.581,23
SCAI-ECG-BP,user_sensei_661,1668089849.581,22
SCAI-ECG-BP,user_sensei_661,1668089850.581,22
SCAI-ECG-BP,user_sensei_661,1668089851.581,22
SCAI-ECG-BP,user_sensei_661,1668089852.581,22
SCAI-ECG-BP,user_sensei_661,1668089853.581,22
SCAI-ECG-BP,user_sensei_661,1668089854.581,22
SCAI-ECG-BP,user_sensei_661,1668089855.581,22
SCAI-ECG-BP,user_sensei_661,1668089856.581,23
SCAI-ECG-BP,user_sensei_661,1668089857.581,22
SCAI-ECG-BP,user_sensei_661,1668089858.581,22
SCAI-ECG-BP,user_sensei_661,1668089859.581,22
SCAI-ECG-BP,user_sensei_661,1668089860.581,22
SCAI-ECG-BP,user_sensei_661,1668089861.581,22
SCAI-ECG-BP,user_sensei_661,1668089862.581,21
SCAI-ECG-BP,user_sensei_661,1668089863.581,21
SCAI-ECG-BP,user_sensei_661,1668089864.581,21
SCAI-ECG-BP,user_sensei_661,1668089865.581,21
SCAI-ECG-BP,user_sensei_661,1668089866.581,21
SCAI-ECG-BP,user_sensei_661,1668089867.581,20
SCAI-ECG-BP,user_sensei_661,1668089868.581,20
SCAI-ECG-BP,user_sensei_661,1668089869.581,20
SCAI-ECG-BP,user_sensei_661,1668089870.581,20
SCAI-ECG-BP,user_sensei_661,1668089871.581,19
SCAI-ECG-BP,user_sensei_661,1668089872.581,19
SCAI-ECG-BP,user_sensei_661,1668089873.581,19
SCAI-ECG-BP,user_sensei_661,1668089874.581,19
SCAI-ECG-BP,user_sensei_661,1668089875.581,18
SCAI-ECG-BP,user_sensei_661,1668089876.581,18
SCAI-ECG-BP,user_sensei_661,1668089877.581,18
SCAI-ECG-BP,user_sensei_661,1668089878.581,17
SCAI-ECG-BP,user_sensei_661,1668089879.581,17
SCAI-ECG-BP,user_sensei_661,1668089880.581,16
SCAI-ECG-BP,user_sensei_661,1668089881.581,16
SCAI-ECG-BP,user_sensei_661,1668089882.581,16
SCAI-ECG-BP,user_sensei_661,1668089883.581,16
SCAI-ECG-BP,user_sensei_661,1668089884.581,16
SCAI-ECG-BP,user_sensei_661,1668089885.581,16
SCAI-ECG-BP,user_sensei_661,1668089886.581,16
SCAI-ECG-BP,user_sensei_661,1668089887.581,16
SCAI-ECG-BP,user_sensei_661,1668089888.581,16
SCAI-ECG-BP,user_sensei_661,1668089889.581,16
SCAI-ECG-BP,user_sensei_661,1668089890.581,17
SCAI-ECG-BP,user_sensei_661,1668089891.581,17
SCAI-ECG-BP,user_sensei_661,1668089892.581,17
SCAI-ECG-BP,user_sensei_661,1668089893.581,17
SCAI-ECG-BP,user_sensei_661,1668089894.581,17
SCAI-ECG-BP,user_sensei_661,1668089895.581,17
SCAI-ECG-BP,user_sensei_661,1668089896.581,17
SCAI-ECG-BP,user_sensei_661,1668089897.581,17
SCAI-ECG-BP,user_sensei_661,1668089898.581,17
SCAI-ECG-BP,user_sensei_661,1668089899.581,17
SCAI-ECG-BP,user_sensei_661,1668089900.581,17
SCAI-ECG-BP,user_sensei_661,1668089901.581,18
SCAI-ECG-BP,user_sensei_661,1668089902.581,18
SCAI-ECG-BP,user_sensei_661,1668089903.581,18
SCAI-ECG-BP,user_sensei_661,1668089904.581,18
SCAI-ECG-BP,user_sensei_661,1668089905.581,18
SCAI-ECG-BP,user_sensei_661,1668089906.581,18
SCAI-ECG-BP,user_sensei_661,1668089907.581,18
SCAI-ECG-BP,user_sensei_661,1668089908.581,18
SCAI-ECG-BP,user_sensei_661,1668089909.581,18
SCAI-ECG-BP,user_sensei_661,1668089910.581,18
SCAI-ECG-BP,user_sensei_661,1668089911.581,18
SCAI-ECG-BP,user_sensei_661,1668089912.581,18
SCAI-ECG-BP,user_sensei_661,1668089913.581,18
SCAI-ECG-BP,user_sensei_661,1668089914.581,18
SCAI-ECG-BP,user_sensei_661,1668089915.581,18
SCAI-ECG-BP,user_sensei_661,1668089916.581,18
SCAI-ECG-BP,user_sensei_661,1668089917.581,18
SCAI-ECG-BP,user_sensei_661,1668089918.581,18
SCAI-ECG-BP,user_sensei_661,1668089919.581,18
SCAI-ECG-BP,user_sensei_661,1668089920.581,18
SCAI-ECG-BP,user_sensei_661,1668089921.581,18
SCAI-ECG-BP,user_sensei_661,1668089922.581,18
SCAI-ECG-BP,user_sensei_661,1668089923.581,18
SCAI-ECG-BP,user_sensei_661,1668089924.581,18
SCAI-ECG-BP,user_sensei_661,1668089925.581,18
SCAI-ECG-BP,user_sensei_661,1668089926.581,18
SCAI-ECG-BP,user_sensei_661,1668089927.581,18
SCAI-ECG-BP,user_sensei_661,1668089928.581,18
SCAI-ECG-BP,user_sensei_661,1668089929.581,18
SCAI-ECG-BP,user_sensei_661,1668089930.581,18
SCAI-ECG-BP,user_sensei_661,1668089931.581,18
SCAI-ECG-BP,user_sensei_661,1668089932.581,18
SCAI-ECG-BP,user_sensei_661,1668089933.581,17
SCAI-ECG-BP,user_sensei_661,1668089934.581,17
SCAI-ECG-BP,user_sensei_661,1668089935.581,17
SCAI-ECG-BP,user_sensei_661,1668089936.581,17
SCAI-ECG-BP,user_sensei_661,1668089937.581,18
SCAI-ECG-BP,user_sensei_661,1668089938.581,18
SCAI-ECG-BP,user_sensei_661,1668089939.581,18
SCAI-ECG-BP,user_sensei_661,1668089940.581,18
SCAI-ECG-BP,user_sensei_661,1668089941.581,17
SCAI-ECG-BP,user_sensei_661,1668089942.581,17
SCAI-ECG-BP,user_sensei_661,1668089943.581,17
SCAI-ECG-BP,user_sensei_661,1668089944.581,17
SCAI-ECG-BP,user_sensei_661,1668089945.581,17
SCAI-ECG-BP,user_sensei_661,1668089946.581,17
SCAI-ECG-BP,user_sensei_661,1668089947.581,17
SCAI-ECG-BP,user_sensei_661,1668089948.581,17
SCAI-ECG-BP,user_sensei_661,1668089949.581,17
SCAI-ECG-BP,user_sensei_661,1668089950.581,17
SCAI-ECG-BP,user_sensei_661,1668089951.581,17
SCAI-ECG-BP,user_sensei_661,1668089952.581,17
SCAI-ECG-BP,user_sensei_661,1668089953.581,17
SCAI-ECG-BP,user_sensei_661,1668089954.581,16
SCAI-ECG-BP,user_sensei_661,1668089955.581,16
SCAI-ECG-BP,user_sensei_661,1668089956.581,16
SCAI-ECG-BP,user_sensei_661,1668089957.581,16
SCAI-ECG-BP,user_sensei_661,1668089958.581,15
SCAI-ECG-BP,user_sensei_661,1668089959.581,15
SCAI-ECG-BP,user_sensei_661,1668089960.581,15
SCAI-ECG-BP,user_sensei_661,1668089961.581,15
SCAI-ECG-BP,user_sensei_661,1668089962.581,15
SCAI-ECG-BP,user_sensei_661,1668089963.581,15
SCAI-ECG-BP,user_sensei_661,1668089964.581,14
SCAI-ECG-BP,user_sensei_661,1668089965.581,14
SCAI-ECG-BP,user_sensei_661,1668089966.581,14
SCAI-ECG-BP,user_sensei_661,1668089967.581,14
SCAI-ECG-BP,user_sensei_661,1668089968.581,15
SCAI-ECG-BP,user_sensei_661,1668089969.581,15
SCAI-ECG-BP,user_sensei_661,1668089970.581,15
SCAI-ECG-BP,user_sensei_661,1668089971.581,15
SCAI-ECG-BP,user_sensei_661,1668089972.581,16
SCAI-ECG-BP,user_sensei_661,1668089973.581,16
SCAI-ECG-BP,user_sensei_661,1668089974.581,17
SCAI-ECG-BP,user_sensei_661,1668089975.581,18
SCAI-ECG-BP,user_sensei_661,1668089976.581,18
SCAI-ECG-BP,user_sensei_661,1668089977.581,19
SCAI-ECG-BP,user_sensei_661,1668089978.581,19
SCAI-ECG-BP,user_sensei_661,1668089979.581,19
SCAI-ECG-BP,user_sensei_661,1668089980.581,20
SCAI-ECG-BP,user_sensei_661,1668089981.581,20
SCAI-ECG-BP,user_sensei_661,1668089982.581,20
SCAI-ECG-BP,user_sensei_661,1668089983.581,20
SCAI-ECG-BP,user_sensei_661,1668089984.581,20
SCAI-ECG-BP,user_sensei_661,1668089985.581,20
SCAI-ECG-BP,user_sensei_661,1668089986.581,20
SCAI-ECG-BP,user_sensei_661,1668089987.581,20
SCAI-ECG-BP,user_sensei_661,1668089988.581,20
SCAI-ECG-BP,user_sensei_661,1668089989.581,21
SCAI-ECG-BP,user_sensei_661,1668089990.581,21
SCAI-ECG-BP,user_sensei_661,1668089991.581,20
SCAI-ECG-BP,user_sensei_661,1668089992.581,21
SCAI-ECG-BP,user_sensei_661,1668089993.581,21
SCAI-ECG-BP,user_sensei_661,1668089994.581,21
SCAI-ECG-BP,user_sensei_661,1668089995.581,21
SCAI-ECG-BP,user_sensei_661,1668089996.581,21
SCAI-ECG-BP,user_sensei_661,1668089997.581,20
SCAI-ECG-BP,user_sensei_661,1668089998.581,20
SCAI-ECG-BP,user_sensei_661,1668089999.581,19
SCAI-ECG-BP,user_sensei_661,1668090000.581,19
SCAI-ECG-BP,user_sensei_661,1668090001.581,19
SCAI-ECG-BP,user_sensei_661,1668090002.581,18
SCAI-ECG-BP,user_sensei_661,1668090003.581,18
SCAI-ECG-BP,user_sensei_661,1668090004.581,18
SCAI-ECG-BP,user_sensei_661,1668090005.581,18
SCAI-ECG-BP,user_sensei_661,1668090006.581,18
SCAI-ECG-BP,user_sensei_661,1668090007.581,18
SCAI-ECG-BP,user_sensei_661,1668090008.581,18
SCAI-ECG-BP,user_sensei_661,1668090009.581,18
SCAI-ECG-BP,user_sensei_661,1668090010.581,18
SCAI-ECG-BP,user_sensei_661,1668090011.581,18
SCAI-ECG-BP,user_sensei_661,1668090012.581,18
SCAI-ECG-BP,user_sensei_661,1668090013.581,18
SCAI-ECG-BP,user_sensei_661,1668090014.581,19
SCAI-ECG-BP,user_sensei_661,1668090015.581,19
SCAI-ECG-BP,user_sensei_661,1668090016.581,19
SCAI-ECG-BP,user_sensei_661,1668090017.581,19
SCAI-ECG-BP,user_sensei_661,1668090018.581,19
SCAI-ECG-BP,user_sensei_661,1668090019.581,19
SCAI-ECG-BP,user_sensei_661,1668090020.581,20
SCAI-ECG-BP,user_sensei_661,1668090021.581,20
SCAI-ECG-BP,user_sensei_661,1668090022.581,20
SCAI-ECG-BP,user_sensei_661,1668090023.581,20
SCAI-ECG-BP,user_sensei_661,1668090024.581,20
SCAI-ECG-BP,user_sensei_661,1668090025.581,20
SCAI-ECG-BP,user_sensei_661,1668090026.581,20
SCAI-ECG-BP,user_sensei_661,1668090027.581,20
SCAI-ECG-BP,user_sensei_661,1668090028.581,20
SCAI-ECG-BP,user_sensei_661,1668090029.581,20
SCAI-ECG-BP,user_sensei_661,1668090030.581,19
SCAI-ECG-BP,user_sensei_661,1668090031.581,19
SCAI-ECG-BP,user_sensei_661,1668090032.581,19
SCAI-ECG-BP,user_sensei_661,1668090033.581,19
SCAI-ECG-BP,user_sensei_661,1668090034.581,19
SCAI-ECG-BP,user_sensei_661,1668090035.581,19
SCAI-ECG-BP,user_sensei_661,1668090036.581,19
SCAI-ECG-BP,user_sensei_661,1668090037.581,20
SCAI-ECG-BP,user_sensei_661,1668090038.581,20
SCAI-ECG-BP,user_sensei_661,1668090039.581,20
SCAI-ECG-BP,user_sensei_661,1668090040.581,20
SCAI-ECG-BP,user_sensei_661,1668090041.581,20
SCAI-ECG-BP,user_sensei_661,1668090042.581,19
SCAI-ECG-BP,user_sensei_661,1668090043.581,20
SCAI-ECG-BP,user_sensei_661,1668090044.581,20
SCAI-ECG-BP,user_sensei_661,1668090045.581,21
SCAI-ECG-BP,user_sensei_661,1668090046.581,21
SCAI-ECG-BP,user_sensei_661,1668090047.581,21
SCAI-ECG-BP,user_sensei_661,1668090048.581,21
SCAI-ECG-BP,user_sensei_661,1668090049.581,21
SCAI-ECG-BP,user_sensei_661,1668090050.581,21
SCAI-ECG-BP,user_sensei_661,1668090051.581,21
SCAI-ECG-BP,user_sensei_661,1668090052.581,21
SCAI-ECG-BP,user_sensei_661,1668090053.581,21
SCAI-ECG-BP,user_sensei_661,1668090054.581,20
SCAI-ECG-BP,user_sensei_661,1668090055.581,20
SCAI-ECG-BP,user_sensei_661,1668090056.581,20
SCAI-ECG-BP,user_sensei_661,1668090057.581,20
SCAI-ECG-BP,user_sensei_661,1668090058.581,20
SCAI-ECG-BP,user_sensei_661,1668090059.581,20
SCAI-ECG-BP,user_sensei_661,1668090060.581,19
SCAI-ECG-BP,user_sensei_661,1668090061.581,19
SCAI-ECG-BP,user_sensei_661,1668090062.581,19
SCAI-ECG-BP,user_sensei_661,1668090063.581,18
SCAI-ECG-BP,user_sensei_661,1668090064.581,17
SCAI-ECG-BP,user_sensei_661,1668090065.581,16
SCAI-ECG-BP,user_sensei_661,1668090066.581,16
SCAI-ECG-BP,user_sensei_661,1668090067.581,17
SCAI-ECG-BP,user_sensei_661,1668090068.581,17
SCAI-ECG-BP,user_sensei_661,1668090069.581,17
SCAI-ECG-BP,user_sensei_661,1668090070.581,17
SCAI-ECG-BP,user_sensei_661,1668090071.581,17
SCAI-ECG-BP,user_sensei_661,1668090072.581,18
SCAI-ECG-BP,user_sensei_661,1668090073.581,18
SCAI-ECG-BP,user_sensei_661,1668090074.581,18
SCAI-ECG-BP,user_sensei_661,1668090075.581,19
SCAI-ECG-BP,user_sensei_661,1668090076.581,20
SCAI-ECG-BP,user_sensei_661,1668090077.581,20
SCAI-ECG-BP,user_sensei_661,1668090078.581,22
SCAI-ECG-BP,user_sensei_661,1668090079.581,23
SCAI-ECG-BP,user_sensei_661,1668090080.581,24
SCAI-ECG-BP,user_sensei_661,1668090081.581,25
SCAI-ECG-BP,user_sensei_661,1668090082.581,26
SCAI-ECG-BP,user_sensei_661,1668090083.581,27
SCAI-ECG-BP,user_sensei_661,1668090084.581,28
SCAI-ECG-BP,user_sensei_661,1668090085.581,28
SCAI-ECG-BP,user_sensei_661,1668090086.581,28
SCAI-ECG-BP,user_sensei_661,1668090087.581,28
SCAI-ECG-BP,user_sensei_661,1668090088.581,28
SCAI-ECG-BP,user_sensei_661,1668090089.581,28
SCAI-ECG-BP,user_sensei_661,1668090090.581,27
SCAI-ECG-BP,user_sensei_661,1668090091.581,27
SCAI-ECG-BP,user_sensei_661,1668090092.581,27
SCAI-ECG-BP,user_sensei_661,1668090093.581,26
SCAI-ECG-BP,user_sensei_661,1668090094.581,25
SCAI-ECG-BP,user_sensei_661,1668090095.581,24
SCAI-ECG-BP,user_sensei_661,1668090096.581,23
SCAI-ECG-BP,user_sensei_661,1668090097.581,22
SCAI-ECG-BP,user_sensei_661,1668090098.581,21
SCAI-ECG-BP,user_sensei_661,1668090099.581,20
SCAI-ECG-BP,user_sensei_661,1668090100.581,19
SCAI-ECG-BP,user_sensei_661,1668090101.581,18
SCAI-ECG-BP,user_sensei_661,1668090102.581,17
SCAI-ECG-BP,user_sensei_661,1668090103.581,16
SCAI-ECG-BP,user_sensei_661,1668090104.581,16
SCAI-ECG-BP,user_sensei_661,1668090105.581,16
SCAI-ECG-BP,user_sensei_661,1668090106.581,16
SCAI-ECG-BP,user_sensei_661,1668090107.581,15
SCAI-ECG-BP,user_sensei_661,1668090108.581,15
SCAI-ECG-BP,user_sensei_661,1668090109.581,16
SCAI-ECG-BP,user_sensei_661,1668090110.581,16
SCAI-ECG-BP,user_sensei_661,1668090111.581,17
SCAI-ECG-BP,user_sensei_661,1668090112.581,17
SCAI-ECG-BP,user_sensei_661,1668090113.581,18
SCAI-ECG-BP,user_sensei_661,1668090114.581,18
SCAI-ECG-BP,user_sensei_661,1668090115.581,18
SCAI-ECG-BP,user_sensei_661,1668090116.581,18
SCAI-ECG-BP,user_sensei_661,1668090117.581,18
SCAI-ECG-BP,user_sensei_661,1668090118.581,19
SCAI-ECG-BP,user_sensei_661,1668090119.581,19
SCAI-ECG-BP,user_sensei_661,1668090120.581,20
SCAI-ECG-BP,user_sensei_661,1668090121.581,20
SCAI-ECG-BP,user_sensei_661,1668090122.581,21
SCAI-ECG-BP,user_sensei_661,1668090123.581,21
SCAI-ECG-BP,user_sensei_661,1668090124.581,22
SCAI-ECG-BP,user_sensei_661,1668090125.581,22
SCAI-ECG-BP,user_sensei_661,1668090126.581,23
SCAI-ECG-BP,user_sensei_661,1668090127.581,23
SCAI-ECG-BP,user_sensei_661,1668090128.581,22
SCAI-ECG-BP,user_sensei_661,1668090129.581,22
SCAI-ECG-BP,user_sensei_661,1668090130.581,22
SCAI-ECG-BP,user_sensei_661,1668090131.581,22
SCAI-ECG-BP,user_sensei_661,1668090132.581,23
SCAI-ECG-BP,user_sensei_661,1668090133.581,22
SCAI-ECG-BP,user_sensei_661,1668090134.581,22
SCAI-ECG-BP,user_sensei_661,1668090135.581,22
SCAI-ECG-BP,user_sensei_661,1668090136.581,21
SCAI-ECG-BP,user_sensei_661,1668090137.581,21
SCAI-ECG-BP,user_sensei_661,1668090138.581,20
SCAI-ECG-BP,user_sensei_661,1668090139.581,20
SCAI-ECG-BP,user_sensei_661,1668090140.581,19
SCAI-ECG-BP,user_sensei_661,1668090141.581,19
SCAI-ECG-BP,user_sensei_661,1668090142.581,18
SCAI-ECG-BP,user_sensei_661,1668090143.581,17
SCAI-ECG-BP,user_sensei_661,1668090144.581,17
SCAI-ECG-BP,user_sensei_661,1668090145.581,16
SCAI-ECG-BP,user_sensei_661,1668090146.581,16
SCAI-ECG-BP,user_sensei_661,1668090147.581,16
SCAI-ECG-BP,user_sensei_661,1668090148.581,16
SCAI-ECG-BP,user_sensei_661,1668090149.581,16
SCAI-ECG-BP,user_sensei_661,1668090150.581,16
SCAI-ECG-BP,user_sensei_661,1668090151.581,16
SCAI-ECG-BP,user_sensei_661,1668090152.581,15
SCAI-ECG-BP,user_sensei_661,1668090153.581,15
SCAI-ECG-BP,user_sensei_661,1668090154.581,15
SCAI-ECG-BP,user_sensei_661,1668090155.581,15
SCAI-ECG-BP,user_sensei_661,1668090156.581,15
SCAI-ECG-BP,user_sensei_661,1668090157.581,15
SCAI-ECG-BP,user_sensei_661,1668090158.581,15
SCAI-ECG-BP,user_sensei_661,1668090159.581,15
SCAI-ECG-BP,user_sensei_661,1668090160.581,15
SCAI-ECG-BP,user_sensei_661,1668090161.581,15
SCAI-ECG-BP,user_sensei_661,1668090162.581,15
SCAI-ECG-BP,user_sensei_661,1668090163.581,15
SCAI-ECG-BP,user_sensei_661,1668090164.581,16
SCAI-ECG-BP,user_sensei_661,1668090165.581,16
SCAI-ECG-BP,user_sensei_661,1668090166.581,16
SCAI-ECG-BP,user_sensei_661,1668090167.581,16
SCAI-ECG-BP,user_sensei_661,1668090168.581,16
SCAI-ECG-BP,user_sensei_661,1668090169.581,16
SCAI-ECG-BP,user_sensei_661,1668090170.581,16
SCAI-ECG-BP,user_sensei_661,1668090171.581,16
SCAI-ECG-BP,user_sensei_661,1668090172.581,16
SCAI-ECG-BP,user_sensei_661,1668090173.581,16
SCAI-ECG-BP,user_sensei_661,1668090174.581,16
SCAI-ECG-BP,user_sensei_661,1668090175.581,16
SCAI-ECG-BP,user_sensei_661,1668090176.581,16
SCAI-ECG-BP,user_sensei_661,1668090177.581,16
SCAI-ECG-BP,user_sensei_661,1668090178.581,16
SCAI-ECG-BP,user_sensei_661,1668090179.581,16
SCAI-ECG-BP,user_sensei_661,1668090180.581,16
SCAI-ECG-BP,user_sensei_661,1668090181.581,16
SCAI-ECG-BP,user_sensei_661,1668090182.581,15
SCAI-ECG-BP,user_sensei_661,1668090183.581,15
SCAI-ECG-BP,user_sensei_661,1668090184.581,14
SCAI-ECG-BP,user_sensei_661,1668090185.581,14
SCAI-ECG-BP,user_sensei_661,1668090186.581,14
SCAI-ECG-BP,user_sensei_661,1668090187.581,14
SCAI-ECG-BP,user_sensei_661,1668090188.581,14
SCAI-ECG-BP,user_sensei_661,1668090189.581,13
SCAI-ECG-BP,user_sensei_661,1668090190.581,13
SCAI-ECG-BP,user_sensei_661,1668090191.581,13
SCAI-ECG-BP,user_sensei_661,1668090192.581,14
SCAI-ECG-BP,user_sensei_661,1668090193.581,14
SCAI-ECG-BP,user_sensei_661,1668090194.581,14
SCAI-ECG-BP,user_sensei_661,1668090195.581,14
SCAI-ECG-BP,user_sensei_661,1668090196.581,15
SCAI-ECG-BP,user_sensei_661,1668090197.581,16
SCAI-ECG-BP,user_sensei_661,1668090198.581,16
SCAI-ECG-BP,user_sensei_661,1668090199.581,16
SCAI-ECG-BP,user_sensei_661,1668090200.581,17
SCAI-ECG-BP,user_sensei_661,1668090201.581,17
SCAI-ECG-BP,user_sensei_661,1668090202.581,18
SCAI-ECG-BP,user_sensei_661,1668090203.581,18
SCAI-ECG-BP,user_sensei_661,1668090204.581,19
SCAI-ECG-BP,user_sensei_661,1668090205.581,19
SCAI-ECG-BP,user_sensei_661,1668090206.581,19
SCAI-ECG-BP,user_sensei_661,1668090207.581,19
SCAI-ECG-BP,user_sensei_661,1668090208.581,20
SCAI-ECG-BP,user_sensei_661,1668090209.581,20
SCAI-ECG-BP,user_sensei_661,1668090210.581,20
SCAI-ECG-BP,user_sensei_661,1668090211.581,20
SCAI-ECG-BP,user_sensei_661,1668090212.581,20
SCAI-ECG-BP,user_sensei_661,1668090213.581,20
SCAI-ECG-BP,user_sensei_661,1668090214.581,20
SCAI-ECG-BP,user_sensei_661,1668090215.581,20
SCAI-ECG-BP,user_sensei_661,1668090216.581,21
SCAI-ECG-BP,user_sensei_661,1668090217.581,21
SCAI-ECG-BP,user_sensei_661,1668090218.581,21
SCAI-ECG-BP,user_sensei_661,1668090219.581,21
SCAI-ECG-BP,user_sensei_661,1668090220.581,21
SCAI-ECG-BP,user_sensei_661,1668090221.581,21
SCAI-ECG-BP,user_sensei_661,1668090222.581,21
SCAI-ECG-BP,user_sensei_661,1668090223.581,22
SCAI-ECG-BP,user_sensei_661,1668090224.581,22
SCAI-ECG-BP,user_sensei_661,1668090225.581,22
SCAI-ECG-BP,user_sensei_661,1668090226.581,22
SCAI-ECG-BP,user_sensei_661,1668090227.581,22
SCAI-ECG-BP,user_sensei_661,1668090228.581,22
SCAI-ECG-BP,user_sensei_661,1668090229.581,22
SCAI-ECG-BP,user_sensei_661,1668090230.581,22
SCAI-ECG-BP,user_sensei_661,1668090231.581,22
SCAI-ECG-BP,user_sensei_661,1668090232.581,22
SCAI-ECG-BP,user_sensei_661,1668090233.581,22
SCAI-ECG-BP,user_sensei_661,1668090234.581,21
SCAI-ECG-BP,user_sensei_661,1668090235.581,21
SCAI-ECG-BP,user_sensei_661,1668090236.581,21
SCAI-ECG-BP,user_sensei_661,1668090237.581,21
SCAI-ECG-BP,user_sensei_661,1668090238.581,21
SCAI-ECG-BP,user_sensei_661,1668090239.581,21
SCAI-ECG-BP,user_sensei_661,1668090240.581,21
SCAI-ECG-BP,user_sensei_661,1668090241.581,21
SCAI-ECG-BP,user_sensei_661,1668090242.581,20
SCAI-ECG-BP,user_sensei_661,1668090243.581,19
SCAI-ECG-BP,user_sensei_661,1668090244.581,19
SCAI-ECG-BP,user_sensei_661,1668090245.581,19
SCAI-ECG-BP,user_sensei_661,1668090246.581,18
SCAI-ECG-BP,user_sensei_661,1668090247.581,18
SCAI-ECG-BP,user_sensei_661,1668090248.581,17
SCAI-ECG-BP,user_sensei_661,1668090249.581,17
SCAI-ECG-BP,user_sensei_661,1668090250.581,16
SCAI-ECG-BP,user_sensei_661,1668090251.581,16
SCAI-ECG-BP,user_sensei_661,1668090252.581,16
SCAI-ECG-BP,user_sensei_661,1668090253.581,16
SCAI-ECG-BP,user_sensei_661,1668090254.581,16
SCAI-ECG-BP,user_sensei_661,1668090255.581,16
SCAI-ECG-BP,user_sensei_661,1668090256.581,16
SCAI-ECG-BP,user_sensei_661,1668090257.581,16
SCAI-ECG-BP,user_sensei_661,1668090258.581,15
SCAI-ECG-BP,user_sensei_661,1668090259.581,15
SCAI-ECG-BP,user_sensei_661,1668090260.581,15
SCAI-ECG-BP,user_sensei_661,1668090261.581,15
SCAI-ECG-BP,user_sensei_661,1668090262.581,15
SCAI-ECG-BP,user_sensei_661,1668090263.581,15
SCAI-ECG-BP,user_sensei_661,1668090264.581,15
SCAI-ECG-BP,user_sensei_661,1668090265.581,14
SCAI-ECG-BP,user_sensei_661,1668090266.581,14
SCAI-ECG-BP,user_sensei_661,1668090267.581,14
SCAI-ECG-BP,user_sensei_661,1668090268.581,14
SCAI-ECG-BP,user_sensei_661,1668090269.581,14
SCAI-ECG-BP,user_sensei_661,1668090270.581,14
SCAI-ECG-BP,user_sensei_661,1668090271.581,14
SCAI-ECG-BP,user_sensei_661,1668090272.581,14
SCAI-ECG-BP,user_sensei_661,1668090273.581,14
SCAI-ECG-BP,user_sensei_661,1668090274.581,14
SCAI-ECG-BP,user_sensei_661,1668090275.581,14
SCAI-ECG-BP,user_sensei_661,1668090276.581,14
SCAI-ECG-BP,user_sensei_661,1668090277.581,14
SCAI-ECG-BP,user_sensei_661,1668090278.581,15
SCAI-ECG-BP,user_sensei_661,1668090279.581,15
SCAI-ECG-BP,user_sensei_661,1668090280.581,16
SCAI-ECG-BP,user_sensei_661,1668090281.581,16
SCAI-ECG-BP,user_sensei_661,1668090282.581,17
SCAI-ECG-BP,user_sensei_661,1668090283.581,17
SCAI-ECG-BP,user_sensei_661,1668090284.581,18
SCAI-ECG-BP,user_sensei_661,1668090285.581,18
SCAI-ECG-BP,user_sensei_661,1668090286.581,18
SCAI-ECG-BP,user_sensei_661,1668090287.581,18
SCAI-ECG-BP,user_sensei_661,1668090288.581,19
SCAI-ECG-BP,user_sensei_661,1668090289.581,19
SCAI-ECG-BP,user_sensei_661,1668090290.581,19
SCAI-ECG-BP,user_sensei_661,1668090291.581,19
SCAI-ECG-BP,user_sensei_661,1668090292.581,20
SCAI-ECG-BP,user_sensei_661,1668090293.581,20
SCAI-ECG-BP,user_sensei_661,1668090294.581,20
SCAI-ECG-BP,user_sensei_661,1668090974.582,0
SCAI-ECG-BP,user_sensei_661,1668090975.582,0
SCAI-ECG-BP,user_sensei_661,1668090976.582,0
SCAI-ECG-BP,user_sensei_661,1668090977.582,0
SCAI-ECG-BP,user_sensei_661,1668090978.582,0
SCAI-ECG-BP,user_sensei_661,1668090979.582,0
SCAI-ECG-BP,user_sensei_661,1668090980.582,0
SCAI-ECG-BP,user_sensei_661,1668090981.582,0
SCAI-ECG-BP,user_sensei_661,1668090982.582,0
SCAI-ECG-BP,user_sensei_661,1668090983.582,0
SCAI-ECG-BP,user_sensei_661,1668090984.582,0
SCAI-ECG-BP,user_sensei_661,1668090985.582,0
SCAI-ECG-BP,user_sensei_661,1668090986.582,0
SCAI-ECG-BP,user_sensei_661,1668090987.582,0
SCAI-ECG-BP,user_sensei_661,1668090988.582,0
