time,projectId,userId,rr
1667995570.0,SCAI_PILOT,user_sensei_642,337
1667995571.0,SCAI_PILOT,user_sensei_642,1742
1667995572.0,SCAI_PILOT,user_sensei_642,352
1667995610.0,SCAI_PILOT,user_sensei_642,735
1667995681.0,SCAI_PILOT,user_sensei_642,604
1667995687.0,SCAI_PILOT,user_sensei_642,543
1667995710.0,SCAI_PILOT,user_sensei_642,534
1667995711.0,SCAI_PILOT,user_sensei_642,335
1667995711.001,SCAI_PILOT,user_sensei_642,515
1667995711.002,SCAI_PILOT,user_sensei_642,529
1667995711.003,SCAI_PILOT,user_sensei_642,364
1667995713.0,SCAI_PILOT,user_sensei_642,523
1667995758.0,SCAI_PILOT,user_sensei_642,437
1667995909.0,SCAI_PILOT,user_sensei_642,311
1667995917.0,SCAI_PILOT,user_sensei_642,303
1667995917.001,SCAI_PILOT,user_sensei_642,314
1667995927.0,SCAI_PILOT,user_sensei_642,782
1667995938.0,SCAI_PILOT,user_sensei_642,532
1667995938.001,SCAI_PILOT,user_sensei_642,400
1667995957.0,SCAI_PILOT,user_sensei_642,385
1667996576.0,SCAI_PILOT,user_sensei_642,307
1667996609.0,SCAI_PILOT,user_sensei_642,335
1667996617.0,SCAI_PILOT,user_sensei_642,418
1667996657.0,SCAI_PILOT,user_sensei_642,504
1667996657.001,SCAI_PILOT,user_sensei_642,306
1667996661.0,SCAI_PILOT,user_sensei_642,344
1667996661.001,SCAI_PILOT,user_sensei_642,419
1667996664.0,SCAI_PILOT,user_sensei_642,407
1667996689.0,SCAI_PILOT,user_sensei_642,324
1667996719.0,SCAI_PILOT,user_sensei_642,402
1667996817.0,SCAI_PILOT,user_sensei_642,337
1667997014.0,SCAI_PILOT,user_sensei_642,709
1667997016.0,SCAI_PILOT,user_sensei_642,700
1667997017.0,SCAI_PILOT,user_sensei_642,1196
1667997018.0,SCAI_PILOT,user_sensei_642,653
1667997019.0,SCAI_PILOT,user_sensei_642,717
1667997019.001,SCAI_PILOT,user_sensei_642,594
1667997019.002,SCAI_PILOT,user_sensei_642,650
1667997019.003,SCAI_PILOT,user_sensei_642,641
1667997021.0,SCAI_PILOT,user_sensei_642,644
1667997022.0,SCAI_PILOT,user_sensei_642,711
1667997022.001,SCAI_PILOT,user_sensei_642,824
1667997022.002,SCAI_PILOT,user_sensei_642,853
1667997024.0,SCAI_PILOT,user_sensei_642,798
1667997025.0,SCAI_PILOT,user_sensei_642,855
1667997026.0,SCAI_PILOT,user_sensei_642,823
1667997027.0,SCAI_PILOT,user_sensei_642,798
1667997027.001,SCAI_PILOT,user_sensei_642,762
1667997027.002,SCAI_PILOT,user_sensei_642,722
1667997029.0,SCAI_PILOT,user_sensei_642,715
1667997030.0,SCAI_PILOT,user_sensei_642,696
1667997030.001,SCAI_PILOT,user_sensei_642,748
1667997030.002,SCAI_PILOT,user_sensei_642,801
1667997032.0,SCAI_PILOT,user_sensei_642,805
1667997032.001,SCAI_PILOT,user_sensei_642,779
1667997034.0,SCAI_PILOT,user_sensei_642,809
1667997034.001,SCAI_PILOT,user_sensei_642,846
1667997035.0,SCAI_PILOT,user_sensei_642,840
1667997035.001,SCAI_PILOT,user_sensei_642,827
1667997037.0,SCAI_PILOT,user_sensei_642,819
1667997038.0,SCAI_PILOT,user_sensei_642,788
1667997038.001,SCAI_PILOT,user_sensei_642,746
1667997038.002,SCAI_PILOT,user_sensei_642,727
1667997040.0,SCAI_PILOT,user_sensei_642,694
1667997040.001,SCAI_PILOT,user_sensei_642,699
1667997040.002,SCAI_PILOT,user_sensei_642,726
1667997046.0,SCAI_PILOT,user_sensei_642,943
1667997047.0,SCAI_PILOT,user_sensei_642,869
1667997048.0,SCAI_PILOT,user_sensei_642,840
1667997048.001,SCAI_PILOT,user_sensei_642,790
1667997050.0,SCAI_PILOT,user_sensei_642,845
1667997051.0,SCAI_PILOT,user_sensei_642,872
1667997051.001,SCAI_PILOT,user_sensei_642,796
1667997051.002,SCAI_PILOT,user_sensei_642,800
1667997053.0,SCAI_PILOT,user_sensei_642,785
1667997053.001,SCAI_PILOT,user_sensei_642,753
1667997053.002,SCAI_PILOT,user_sensei_642,760
1667997055.0,SCAI_PILOT,user_sensei_642,738
1667997056.0,SCAI_PILOT,user_sensei_642,779
1667997056.001,SCAI_PILOT,user_sensei_642,791
1667997058.0,SCAI_PILOT,user_sensei_642,1533
1667997059.0,SCAI_PILOT,user_sensei_642,802
1667997059.001,SCAI_PILOT,user_sensei_642,726
1667997061.0,SCAI_PILOT,user_sensei_642,744
1667997061.001,SCAI_PILOT,user_sensei_642,760
1667997062.0,SCAI_PILOT,user_sensei_642,794
1667997062.001,SCAI_PILOT,user_sensei_642,849
1667997064.0,SCAI_PILOT,user_sensei_642,843
1667997064.001,SCAI_PILOT,user_sensei_642,876
1667997066.0,SCAI_PILOT,user_sensei_642,875
1667997066.001,SCAI_PILOT,user_sensei_642,856
1667997067.0,SCAI_PILOT,user_sensei_642,829
1667997067.001,SCAI_PILOT,user_sensei_642,800
1667997069.0,SCAI_PILOT,user_sensei_642,786
1667997070.0,SCAI_PILOT,user_sensei_642,738
1667997070.001,SCAI_PILOT,user_sensei_642,756
1667997071.0,SCAI_PILOT,user_sensei_642,723
1667997072.0,SCAI_PILOT,user_sensei_642,709
1667997072.001,SCAI_PILOT,user_sensei_642,706
1667997072.002,SCAI_PILOT,user_sensei_642,728
1667997074.0,SCAI_PILOT,user_sensei_642,739
1667997075.0,SCAI_PILOT,user_sensei_642,790
1667997075.001,SCAI_PILOT,user_sensei_642,840
1667997075.002,SCAI_PILOT,user_sensei_642,869
1667997077.0,SCAI_PILOT,user_sensei_642,869
1667997078.0,SCAI_PILOT,user_sensei_642,797
1667997078.001,SCAI_PILOT,user_sensei_642,746
1667997080.0,SCAI_PILOT,user_sensei_642,718
1667997080.001,SCAI_PILOT,user_sensei_642,717
1667997080.002,SCAI_PILOT,user_sensei_642,722
1667997082.0,SCAI_PILOT,user_sensei_642,742
1667997082.001,SCAI_PILOT,user_sensei_642,718
1667997083.0,SCAI_PILOT,user_sensei_642,719
1667997083.001,SCAI_PILOT,user_sensei_642,716
1667997085.0,SCAI_PILOT,user_sensei_642,708
1667997085.001,SCAI_PILOT,user_sensei_642,699
1667997085.002,SCAI_PILOT,user_sensei_642,718
1667997087.0,SCAI_PILOT,user_sensei_642,721
1667997087.001,SCAI_PILOT,user_sensei_642,730
1667997088.0,SCAI_PILOT,user_sensei_642,734
1667997088.001,SCAI_PILOT,user_sensei_642,740
1667997090.0,SCAI_PILOT,user_sensei_642,789
1667997091.0,SCAI_PILOT,user_sensei_642,817
1667997091.001,SCAI_PILOT,user_sensei_642,752
1667997091.002,SCAI_PILOT,user_sensei_642,771
1667997093.0,SCAI_PILOT,user_sensei_642,799
1667997093.001,SCAI_PILOT,user_sensei_642,749
1667997093.002,SCAI_PILOT,user_sensei_642,717
1667997095.0,SCAI_PILOT,user_sensei_642,727
1667997096.0,SCAI_PILOT,user_sensei_642,740
1667997096.001,SCAI_PILOT,user_sensei_642,701
1667997096.002,SCAI_PILOT,user_sensei_642,745
1667997098.0,SCAI_PILOT,user_sensei_642,809
1667997099.0,SCAI_PILOT,user_sensei_642,829
1667997099.001,SCAI_PILOT,user_sensei_642,780
1667997099.002,SCAI_PILOT,user_sensei_642,787
1667997101.0,SCAI_PILOT,user_sensei_642,788
1667997101.001,SCAI_PILOT,user_sensei_642,797
1667997103.0,SCAI_PILOT,user_sensei_642,758
1667997103.001,SCAI_PILOT,user_sensei_642,746
1667997104.0,SCAI_PILOT,user_sensei_642,751
1667997104.001,SCAI_PILOT,user_sensei_642,730
1667997106.0,SCAI_PILOT,user_sensei_642,734
1667997106.001,SCAI_PILOT,user_sensei_642,684
1667997107.0,SCAI_PILOT,user_sensei_642,806
1667997107.001,SCAI_PILOT,user_sensei_642,773
1667997109.0,SCAI_PILOT,user_sensei_642,776
1667997109.001,SCAI_PILOT,user_sensei_642,768
1667997109.002,SCAI_PILOT,user_sensei_642,797
1667997111.0,SCAI_PILOT,user_sensei_642,778
1667997112.0,SCAI_PILOT,user_sensei_642,732
1667997112.001,SCAI_PILOT,user_sensei_642,741
1667997112.002,SCAI_PILOT,user_sensei_642,752
1667997115.0,SCAI_PILOT,user_sensei_642,796
1667997115.001,SCAI_PILOT,user_sensei_642,733
1667997117.0,SCAI_PILOT,user_sensei_642,789
1667997117.001,SCAI_PILOT,user_sensei_642,769
1667997119.0,SCAI_PILOT,user_sensei_642,745
1667997119.001,SCAI_PILOT,user_sensei_642,698
1667997120.0,SCAI_PILOT,user_sensei_642,709
1667997122.0,SCAI_PILOT,user_sensei_642,732
1667997123.0,SCAI_PILOT,user_sensei_642,782
1667997124.0,SCAI_PILOT,user_sensei_642,865
1667997125.0,SCAI_PILOT,user_sensei_642,1602
1667997125.001,SCAI_PILOT,user_sensei_642,851
1667997127.0,SCAI_PILOT,user_sensei_642,719
1667997128.0,SCAI_PILOT,user_sensei_642,696
1667997128.001,SCAI_PILOT,user_sensei_642,668
1667997128.002,SCAI_PILOT,user_sensei_642,1032
1667997250.0,SCAI_PILOT,user_sensei_642,701
1667997250.001,SCAI_PILOT,user_sensei_642,697
1667997252.0,SCAI_PILOT,user_sensei_642,680
1667997253.0,SCAI_PILOT,user_sensei_642,689
1667997253.001,SCAI_PILOT,user_sensei_642,676
1667997561.0,SCAI_PILOT,user_sensei_642,673
1667997579.0,SCAI_PILOT,user_sensei_642,560
1667997579.001,SCAI_PILOT,user_sensei_642,807
1667997579.002,SCAI_PILOT,user_sensei_642,727
1667997584.0,SCAI_PILOT,user_sensei_642,786
1667997585.0,SCAI_PILOT,user_sensei_642,876
1667997633.0,SCAI_PILOT,user_sensei_642,700
1667997633.001,SCAI_PILOT,user_sensei_642,727
1667997633.002,SCAI_PILOT,user_sensei_642,717
1667997635.0,SCAI_PILOT,user_sensei_642,695
1667997635.001,SCAI_PILOT,user_sensei_642,741
1667997667.0,SCAI_PILOT,user_sensei_642,705
1667997669.0,SCAI_PILOT,user_sensei_642,725
1667997669.001,SCAI_PILOT,user_sensei_642,701
1667997670.0,SCAI_PILOT,user_sensei_642,834
1667997670.001,SCAI_PILOT,user_sensei_642,627
1667997672.0,SCAI_PILOT,user_sensei_642,692
1667997672.001,SCAI_PILOT,user_sensei_642,708
1667997673.0,SCAI_PILOT,user_sensei_642,732
1667997680.0,SCAI_PILOT,user_sensei_642,950
1667997680.001,SCAI_PILOT,user_sensei_642,1242
1667997683.0,SCAI_PILOT,user_sensei_642,1389
1667997685.0,SCAI_PILOT,user_sensei_642,698
1667997686.0,SCAI_PILOT,user_sensei_642,747
1667997686.001,SCAI_PILOT,user_sensei_642,718
1667997719.0,SCAI_PILOT,user_sensei_642,1252
1667997720.0,SCAI_PILOT,user_sensei_642,890
1667997721.0,SCAI_PILOT,user_sensei_642,1441
1667997722.0,SCAI_PILOT,user_sensei_642,974
1667997729.0,SCAI_PILOT,user_sensei_642,681
1667997734.0,SCAI_PILOT,user_sensei_642,1095
1667997735.0,SCAI_PILOT,user_sensei_642,751
1667997735.001,SCAI_PILOT,user_sensei_642,402
1667997735.002,SCAI_PILOT,user_sensei_642,536
1667997737.0,SCAI_PILOT,user_sensei_642,738
1667997738.0,SCAI_PILOT,user_sensei_642,540
1667997754.0,SCAI_PILOT,user_sensei_642,682
1667997754.001,SCAI_PILOT,user_sensei_642,577
1667997754.002,SCAI_PILOT,user_sensei_642,871
1667997761.0,SCAI_PILOT,user_sensei_642,735
1667997761.001,SCAI_PILOT,user_sensei_642,702
1667997996.0,SCAI_PILOT,user_sensei_642,1024
1667998110.0,SCAI_PILOT,user_sensei_642,802
1667998189.0,SCAI_PILOT,user_sensei_642,661
1667998189.001,SCAI_PILOT,user_sensei_642,674
1667998190.0,SCAI_PILOT,user_sensei_642,689
1667998191.0,SCAI_PILOT,user_sensei_642,692
1667998191.001,SCAI_PILOT,user_sensei_642,683
1667998192.0,SCAI_PILOT,user_sensei_642,707
1667998192.001,SCAI_PILOT,user_sensei_642,796
1667998194.0,SCAI_PILOT,user_sensei_642,1344
1667998195.0,SCAI_PILOT,user_sensei_642,747
1667998196.0,SCAI_PILOT,user_sensei_642,800
1667998197.0,SCAI_PILOT,user_sensei_642,716
1667998197.001,SCAI_PILOT,user_sensei_642,776
1667998199.0,SCAI_PILOT,user_sensei_642,690
1667998202.0,SCAI_PILOT,user_sensei_642,765
1667998203.0,SCAI_PILOT,user_sensei_642,778
1667998203.001,SCAI_PILOT,user_sensei_642,831
1667998205.0,SCAI_PILOT,user_sensei_642,747
1667998206.0,SCAI_PILOT,user_sensei_642,809
1667998206.001,SCAI_PILOT,user_sensei_642,769
1667998207.0,SCAI_PILOT,user_sensei_642,798
1667998208.0,SCAI_PILOT,user_sensei_642,696
1667998208.001,SCAI_PILOT,user_sensei_642,721
1667998208.002,SCAI_PILOT,user_sensei_642,700
1667998210.0,SCAI_PILOT,user_sensei_642,752
1667998211.0,SCAI_PILOT,user_sensei_642,714
1667998211.001,SCAI_PILOT,user_sensei_642,746
1667998211.002,SCAI_PILOT,user_sensei_642,778
1667998215.0,SCAI_PILOT,user_sensei_642,780
1667998215.001,SCAI_PILOT,user_sensei_642,712
1667998216.0,SCAI_PILOT,user_sensei_642,833
1667998216.001,SCAI_PILOT,user_sensei_642,722
1667998218.0,SCAI_PILOT,user_sensei_642,712
1667998229.0,SCAI_PILOT,user_sensei_642,709
1667998229.001,SCAI_PILOT,user_sensei_642,738
1667998229.002,SCAI_PILOT,user_sensei_642,687
1667998231.0,SCAI_PILOT,user_sensei_642,699
1667998232.0,SCAI_PILOT,user_sensei_642,658
1667998232.001,SCAI_PILOT,user_sensei_642,661
1667998235.0,SCAI_PILOT,user_sensei_642,756
1667998236.0,SCAI_PILOT,user_sensei_642,758
1667998237.0,SCAI_PILOT,user_sensei_642,805
1667998237.001,SCAI_PILOT,user_sensei_642,731
1667998237.002,SCAI_PILOT,user_sensei_642,770
1667998239.0,SCAI_PILOT,user_sensei_642,739
1667998240.0,SCAI_PILOT,user_sensei_642,710
1667998240.001,SCAI_PILOT,user_sensei_642,723
1667998240.002,SCAI_PILOT,user_sensei_642,733
1667998242.0,SCAI_PILOT,user_sensei_642,728
1667998243.0,SCAI_PILOT,user_sensei_642,742
1667998243.001,SCAI_PILOT,user_sensei_642,787
1667998244.0,SCAI_PILOT,user_sensei_642,793
1667998245.0,SCAI_PILOT,user_sensei_642,777
1667998245.001,SCAI_PILOT,user_sensei_642,792
1667998245.002,SCAI_PILOT,user_sensei_642,724
1667998247.0,SCAI_PILOT,user_sensei_642,704
1667998273.0,SCAI_PILOT,user_sensei_642,809
1667998274.0,SCAI_PILOT,user_sensei_642,569
1667998305.0,SCAI_PILOT,user_sensei_642,700
1667998317.0,SCAI_PILOT,user_sensei_642,1628
1667998375.0,SCAI_PILOT,user_sensei_642,761
1667998380.0,SCAI_PILOT,user_sensei_642,773
1667998380.001,SCAI_PILOT,user_sensei_642,704
1667998382.0,SCAI_PILOT,user_sensei_642,693
1667998382.001,SCAI_PILOT,user_sensei_642,719
1667998385.0,SCAI_PILOT,user_sensei_642,719
1667998385.001,SCAI_PILOT,user_sensei_642,696
1667998386.0,SCAI_PILOT,user_sensei_642,627
1667998388.0,SCAI_PILOT,user_sensei_642,649
1667998388.001,SCAI_PILOT,user_sensei_642,658
1667998390.0,SCAI_PILOT,user_sensei_642,677
1667998390.001,SCAI_PILOT,user_sensei_642,540
1667998391.0,SCAI_PILOT,user_sensei_642,677
1667998391.001,SCAI_PILOT,user_sensei_642,766
1667998393.0,SCAI_PILOT,user_sensei_642,727
1667998415.0,SCAI_PILOT,user_sensei_642,662
1667998415.001,SCAI_PILOT,user_sensei_642,669
1667998420.0,SCAI_PILOT,user_sensei_642,725
1667998422.0,SCAI_PILOT,user_sensei_642,666
1667998423.0,SCAI_PILOT,user_sensei_642,1477
1667998423.001,SCAI_PILOT,user_sensei_642,706
1667998425.0,SCAI_PILOT,user_sensei_642,788
1667998425.001,SCAI_PILOT,user_sensei_642,1490
1667998427.0,SCAI_PILOT,user_sensei_642,726
1667998433.0,SCAI_PILOT,user_sensei_642,789
1667998436.0,SCAI_PILOT,user_sensei_642,563
1667998438.0,SCAI_PILOT,user_sensei_642,718
1667998440.0,SCAI_PILOT,user_sensei_642,734
1667998441.0,SCAI_PILOT,user_sensei_642,817
1667998443.0,SCAI_PILOT,user_sensei_642,673
1667998448.0,SCAI_PILOT,user_sensei_642,758
1667998448.001,SCAI_PILOT,user_sensei_642,494
1667998449.0,SCAI_PILOT,user_sensei_642,813
1667998449.001,SCAI_PILOT,user_sensei_642,648
1667998451.0,SCAI_PILOT,user_sensei_642,825
1667998451.001,SCAI_PILOT,user_sensei_642,690
1667998452.0,SCAI_PILOT,user_sensei_642,759
1667998453.0,SCAI_PILOT,user_sensei_642,778
1667998454.0,SCAI_PILOT,user_sensei_642,623
1667998454.001,SCAI_PILOT,user_sensei_642,768
1667998454.002,SCAI_PILOT,user_sensei_642,839
1667998457.0,SCAI_PILOT,user_sensei_642,898
1667998457.001,SCAI_PILOT,user_sensei_642,813
1667998464.0,SCAI_PILOT,user_sensei_642,782
1667998464.001,SCAI_PILOT,user_sensei_642,726
1667998465.0,SCAI_PILOT,user_sensei_642,758
1667998465.001,SCAI_PILOT,user_sensei_642,680
1667998611.0,SCAI_PILOT,user_sensei_642,669
1667998612.0,SCAI_PILOT,user_sensei_642,642
1667998632.0,SCAI_PILOT,user_sensei_642,614
1667998632.001,SCAI_PILOT,user_sensei_642,614
1667998651.0,SCAI_PILOT,user_sensei_642,745
1667998651.001,SCAI_PILOT,user_sensei_642,785
1667998653.0,SCAI_PILOT,user_sensei_642,856
1667998654.0,SCAI_PILOT,user_sensei_642,771
1667998698.0,SCAI_PILOT,user_sensei_642,805
1667998785.0,SCAI_PILOT,user_sensei_642,686
1667999135.0,SCAI_PILOT,user_sensei_642,596
1667999143.0,SCAI_PILOT,user_sensei_642,724
1667999144.0,SCAI_PILOT,user_sensei_642,1283
1667999144.001,SCAI_PILOT,user_sensei_642,468
1667999146.0,SCAI_PILOT,user_sensei_642,440
1667999148.0,SCAI_PILOT,user_sensei_642,1252
1667999148.001,SCAI_PILOT,user_sensei_642,561
1667999149.0,SCAI_PILOT,user_sensei_642,377
1667999149.001,SCAI_PILOT,user_sensei_642,402
1667999149.002,SCAI_PILOT,user_sensei_642,441
1667999149.003,SCAI_PILOT,user_sensei_642,429
1667999149.004,SCAI_PILOT,user_sensei_642,354
1667999162.0,SCAI_PILOT,user_sensei_642,589
1667999162.001,SCAI_PILOT,user_sensei_642,349
1667999162.002,SCAI_PILOT,user_sensei_642,438
1667999164.0,SCAI_PILOT,user_sensei_642,377
1667999164.001,SCAI_PILOT,user_sensei_642,402
1667999165.0,SCAI_PILOT,user_sensei_642,317
1667999165.001,SCAI_PILOT,user_sensei_642,404
1667999165.002,SCAI_PILOT,user_sensei_642,928
1667999165.003,SCAI_PILOT,user_sensei_642,325
1667999167.0,SCAI_PILOT,user_sensei_642,527
1667999167.001,SCAI_PILOT,user_sensei_642,594
1667999168.0,SCAI_PILOT,user_sensei_642,522
1667999168.001,SCAI_PILOT,user_sensei_642,637
1667999169.0,SCAI_PILOT,user_sensei_642,404
1667999170.0,SCAI_PILOT,user_sensei_642,645
1667999170.001,SCAI_PILOT,user_sensei_642,388
1667999172.0,SCAI_PILOT,user_sensei_642,370
1667999173.0,SCAI_PILOT,user_sensei_642,324
1667999175.0,SCAI_PILOT,user_sensei_642,400
1667999176.0,SCAI_PILOT,user_sensei_642,1251
1667999177.0,SCAI_PILOT,user_sensei_642,407
1667999178.0,SCAI_PILOT,user_sensei_642,912
1667999178.001,SCAI_PILOT,user_sensei_642,400
1667999178.002,SCAI_PILOT,user_sensei_642,437
1667999191.0,SCAI_PILOT,user_sensei_642,398
1667999192.0,SCAI_PILOT,user_sensei_642,1475
1667999193.0,SCAI_PILOT,user_sensei_642,401
1667999194.0,SCAI_PILOT,user_sensei_642,818
1667999194.001,SCAI_PILOT,user_sensei_642,402
1667999194.002,SCAI_PILOT,user_sensei_642,551
1667999194.003,SCAI_PILOT,user_sensei_642,388
1667999196.0,SCAI_PILOT,user_sensei_642,1340
1667999197.0,SCAI_PILOT,user_sensei_642,380
1667999197.001,SCAI_PILOT,user_sensei_642,404
1667999197.002,SCAI_PILOT,user_sensei_642,716
1667999197.003,SCAI_PILOT,user_sensei_642,594
1667999201.0,SCAI_PILOT,user_sensei_642,346
1667999202.0,SCAI_PILOT,user_sensei_642,1529
1667999202.001,SCAI_PILOT,user_sensei_642,441
1667999202.002,SCAI_PILOT,user_sensei_642,595
1667999204.0,SCAI_PILOT,user_sensei_642,341
1667999209.0,SCAI_PILOT,user_sensei_642,324
1667999209.001,SCAI_PILOT,user_sensei_642,393
1667999210.0,SCAI_PILOT,user_sensei_642,937
1667999210.001,SCAI_PILOT,user_sensei_642,540
1667999210.002,SCAI_PILOT,user_sensei_642,399
1667999212.0,SCAI_PILOT,user_sensei_642,437
1667999212.001,SCAI_PILOT,user_sensei_642,391
1667999215.0,SCAI_PILOT,user_sensei_642,405
1667999217.0,SCAI_PILOT,user_sensei_642,381
1667999217.001,SCAI_PILOT,user_sensei_642,371
1667999217.002,SCAI_PILOT,user_sensei_642,395
1667999218.0,SCAI_PILOT,user_sensei_642,404
1667999220.0,SCAI_PILOT,user_sensei_642,382
1667999220.001,SCAI_PILOT,user_sensei_642,400
1667999220.002,SCAI_PILOT,user_sensei_642,313
1667999222.0,SCAI_PILOT,user_sensei_642,389
1667999223.0,SCAI_PILOT,user_sensei_642,648
1667999223.001,SCAI_PILOT,user_sensei_642,399
1667999223.002,SCAI_PILOT,user_sensei_642,321
1667999223.003,SCAI_PILOT,user_sensei_642,365
1667999223.004,SCAI_PILOT,user_sensei_642,353
1667999225.0,SCAI_PILOT,user_sensei_642,404
1667999225.001,SCAI_PILOT,user_sensei_642,406
1667999225.002,SCAI_PILOT,user_sensei_642,510
1667999226.0,SCAI_PILOT,user_sensei_642,355
1667999226.001,SCAI_PILOT,user_sensei_642,392
1667999226.002,SCAI_PILOT,user_sensei_642,621
1667999226.003,SCAI_PILOT,user_sensei_642,402
1667999228.0,SCAI_PILOT,user_sensei_642,371
1667999228.001,SCAI_PILOT,user_sensei_642,602
1667999229.0,SCAI_PILOT,user_sensei_642,332
1667999229.001,SCAI_PILOT,user_sensei_642,344
1667999230.0,SCAI_PILOT,user_sensei_642,1035
1667999230.001,SCAI_PILOT,user_sensei_642,382
1667999231.0,SCAI_PILOT,user_sensei_642,324
1667999242.0,SCAI_PILOT,user_sensei_642,308
1667999242.001,SCAI_PILOT,user_sensei_642,599
1667999244.0,SCAI_PILOT,user_sensei_642,322
1667999247.0,SCAI_PILOT,user_sensei_642,344
1667999247.001,SCAI_PILOT,user_sensei_642,378
1667999247.002,SCAI_PILOT,user_sensei_642,778
1667999249.0,SCAI_PILOT,user_sensei_642,410
1667999249.001,SCAI_PILOT,user_sensei_642,402
1667999250.0,SCAI_PILOT,user_sensei_642,562
1667999250.001,SCAI_PILOT,user_sensei_642,305
1667999250.002,SCAI_PILOT,user_sensei_642,388
1667999250.003,SCAI_PILOT,user_sensei_642,386
1667999250.004,SCAI_PILOT,user_sensei_642,332
1667999252.0,SCAI_PILOT,user_sensei_642,392
1667999255.0,SCAI_PILOT,user_sensei_642,501
1667999255.001,SCAI_PILOT,user_sensei_642,1486
1667999257.0,SCAI_PILOT,user_sensei_642,311
1667999257.001,SCAI_PILOT,user_sensei_642,346
1667999258.0,SCAI_PILOT,user_sensei_642,1005
1667999258.001,SCAI_PILOT,user_sensei_642,352
1667999258.002,SCAI_PILOT,user_sensei_642,598
1667999258.003,SCAI_PILOT,user_sensei_642,327
1667999268.0,SCAI_PILOT,user_sensei_642,398
1667999268.001,SCAI_PILOT,user_sensei_642,439
1667999270.0,SCAI_PILOT,user_sensei_642,397
1667999271.0,SCAI_PILOT,user_sensei_642,441
1667999271.001,SCAI_PILOT,user_sensei_642,317
1667999271.002,SCAI_PILOT,user_sensei_642,659
1667999271.003,SCAI_PILOT,user_sensei_642,402
1667999273.0,SCAI_PILOT,user_sensei_642,544
1667999273.001,SCAI_PILOT,user_sensei_642,393
1667999274.0,SCAI_PILOT,user_sensei_642,650
1667999274.001,SCAI_PILOT,user_sensei_642,326
1667999276.0,SCAI_PILOT,user_sensei_642,405
1667999279.0,SCAI_PILOT,user_sensei_642,383
1667999282.0,SCAI_PILOT,user_sensei_642,390
1667999284.0,SCAI_PILOT,user_sensei_642,329
1667999284.001,SCAI_PILOT,user_sensei_642,387
1667999284.002,SCAI_PILOT,user_sensei_642,322
1667999284.003,SCAI_PILOT,user_sensei_642,399
1667999287.0,SCAI_PILOT,user_sensei_642,403
1667999287.001,SCAI_PILOT,user_sensei_642,627
1667999287.002,SCAI_PILOT,user_sensei_642,411
1667999289.0,SCAI_PILOT,user_sensei_642,399
1667999295.0,SCAI_PILOT,user_sensei_642,486
1667999297.0,SCAI_PILOT,user_sensei_642,1548
1667999298.0,SCAI_PILOT,user_sensei_642,487
1667999298.001,SCAI_PILOT,user_sensei_642,329
1667999298.002,SCAI_PILOT,user_sensei_642,402
1667999298.003,SCAI_PILOT,user_sensei_642,532
1667999298.004,SCAI_PILOT,user_sensei_642,393
1667999300.0,SCAI_PILOT,user_sensei_642,409
1667999302.0,SCAI_PILOT,user_sensei_642,879
1667999303.0,SCAI_PILOT,user_sensei_642,390
1667999303.001,SCAI_PILOT,user_sensei_642,1124
1667999303.002,SCAI_PILOT,user_sensei_642,326
1667999309.0,SCAI_PILOT,user_sensei_642,405
1667999313.0,SCAI_PILOT,user_sensei_642,374
1667999313.001,SCAI_PILOT,user_sensei_642,347
1667999314.0,SCAI_PILOT,user_sensei_642,349
1667999316.0,SCAI_PILOT,user_sensei_642,370
1667999321.0,SCAI_PILOT,user_sensei_642,502
1667999324.0,SCAI_PILOT,user_sensei_642,391
1667999324.001,SCAI_PILOT,user_sensei_642,321
1667999324.002,SCAI_PILOT,user_sensei_642,507
1667999324.003,SCAI_PILOT,user_sensei_642,325
1667999324.004,SCAI_PILOT,user_sensei_642,332
1667999329.0,SCAI_PILOT,user_sensei_642,353
1667999329.001,SCAI_PILOT,user_sensei_642,338
1667999330.0,SCAI_PILOT,user_sensei_642,341
1667999330.001,SCAI_PILOT,user_sensei_642,504
1667999330.002,SCAI_PILOT,user_sensei_642,398
1667999331.0,SCAI_PILOT,user_sensei_642,539
1667999331.001,SCAI_PILOT,user_sensei_642,336
1667999332.0,SCAI_PILOT,user_sensei_642,385
1667999334.0,SCAI_PILOT,user_sensei_642,375
1667999335.0,SCAI_PILOT,user_sensei_642,663
1667999335.001,SCAI_PILOT,user_sensei_642,376
1667999335.002,SCAI_PILOT,user_sensei_642,334
1667999335.003,SCAI_PILOT,user_sensei_642,338
1667999337.0,SCAI_PILOT,user_sensei_642,391
1667999337.001,SCAI_PILOT,user_sensei_642,331
1667999337.002,SCAI_PILOT,user_sensei_642,333
1667999338.0,SCAI_PILOT,user_sensei_642,385
1667999339.0,SCAI_PILOT,user_sensei_642,1329
1667999339.001,SCAI_PILOT,user_sensei_642,362
1667999347.0,SCAI_PILOT,user_sensei_642,358
1667999353.0,SCAI_PILOT,user_sensei_642,314
1667999356.0,SCAI_PILOT,user_sensei_642,364
1667999356.001,SCAI_PILOT,user_sensei_642,547
1667999356.002,SCAI_PILOT,user_sensei_642,442
1667999358.0,SCAI_PILOT,user_sensei_642,1098
1667999359.0,SCAI_PILOT,user_sensei_642,387
1667999359.001,SCAI_PILOT,user_sensei_642,383
1667999363.0,SCAI_PILOT,user_sensei_642,318
1667999364.0,SCAI_PILOT,user_sensei_642,838
1667999364.001,SCAI_PILOT,user_sensei_642,317
1667999364.002,SCAI_PILOT,user_sensei_642,1058
1667999364.003,SCAI_PILOT,user_sensei_642,382
1667999367.0,SCAI_PILOT,user_sensei_642,304
1667999367.001,SCAI_PILOT,user_sensei_642,382
1667999377.0,SCAI_PILOT,user_sensei_642,326
1667999377.001,SCAI_PILOT,user_sensei_642,393
1667999380.0,SCAI_PILOT,user_sensei_642,315
1667999380.001,SCAI_PILOT,user_sensei_642,400
1667999380.002,SCAI_PILOT,user_sensei_642,376
1667999383.0,SCAI_PILOT,user_sensei_642,309
1667999383.001,SCAI_PILOT,user_sensei_642,447
1667999388.0,SCAI_PILOT,user_sensei_642,717
1667999388.001,SCAI_PILOT,user_sensei_642,377
1667999388.002,SCAI_PILOT,user_sensei_642,405
1667999388.003,SCAI_PILOT,user_sensei_642,590
1667999390.0,SCAI_PILOT,user_sensei_642,316
1667999396.0,SCAI_PILOT,user_sensei_642,392
1667999396.001,SCAI_PILOT,user_sensei_642,319
1667999396.002,SCAI_PILOT,user_sensei_642,343
1667999396.003,SCAI_PILOT,user_sensei_642,324
1667999396.004,SCAI_PILOT,user_sensei_642,396
1667999396.005,SCAI_PILOT,user_sensei_642,318
1667999398.0,SCAI_PILOT,user_sensei_642,337
1667999404.0,SCAI_PILOT,user_sensei_642,331
1667999404.001,SCAI_PILOT,user_sensei_642,339
1667999404.002,SCAI_PILOT,user_sensei_642,755
1667999404.003,SCAI_PILOT,user_sensei_642,656
1667999406.0,SCAI_PILOT,user_sensei_642,369
1667999406.001,SCAI_PILOT,user_sensei_642,345
1667999407.0,SCAI_PILOT,user_sensei_642,680
1667999407.001,SCAI_PILOT,user_sensei_642,390
1667999408.0,SCAI_PILOT,user_sensei_642,396
1667999409.0,SCAI_PILOT,user_sensei_642,1258
1667999409.001,SCAI_PILOT,user_sensei_642,345
1667999409.002,SCAI_PILOT,user_sensei_642,587
1667999409.003,SCAI_PILOT,user_sensei_642,566
1667999411.0,SCAI_PILOT,user_sensei_642,597
1667999411.001,SCAI_PILOT,user_sensei_642,435
1667999412.0,SCAI_PILOT,user_sensei_642,393
1667999414.0,SCAI_PILOT,user_sensei_642,333
1667999414.001,SCAI_PILOT,user_sensei_642,353
1667999415.0,SCAI_PILOT,user_sensei_642,399
1667999415.001,SCAI_PILOT,user_sensei_642,584
1667999416.0,SCAI_PILOT,user_sensei_642,393
1667999416.001,SCAI_PILOT,user_sensei_642,332
1667999416.002,SCAI_PILOT,user_sensei_642,319
1667999417.0,SCAI_PILOT,user_sensei_642,406
1667999417.001,SCAI_PILOT,user_sensei_642,602
1667999418.0,SCAI_PILOT,user_sensei_642,487
1667999418.001,SCAI_PILOT,user_sensei_642,414
1667999419.0,SCAI_PILOT,user_sensei_642,344
1667999420.0,SCAI_PILOT,user_sensei_642,321
1667999422.0,SCAI_PILOT,user_sensei_642,381
1667999422.001,SCAI_PILOT,user_sensei_642,331
1667999423.0,SCAI_PILOT,user_sensei_642,842
1667999423.001,SCAI_PILOT,user_sensei_642,310
1667999423.002,SCAI_PILOT,user_sensei_642,405
1667999423.003,SCAI_PILOT,user_sensei_642,320
1667999430.0,SCAI_PILOT,user_sensei_642,376
1667999433.0,SCAI_PILOT,user_sensei_642,482
1667999433.001,SCAI_PILOT,user_sensei_642,460
1667999435.0,SCAI_PILOT,user_sensei_642,928
1667999435.001,SCAI_PILOT,user_sensei_642,383
1667999436.0,SCAI_PILOT,user_sensei_642,399
1667999436.001,SCAI_PILOT,user_sensei_642,314
1667999439.0,SCAI_PILOT,user_sensei_642,390
1667999439.001,SCAI_PILOT,user_sensei_642,561
1667999439.002,SCAI_PILOT,user_sensei_642,319
1667999439.003,SCAI_PILOT,user_sensei_642,373
1667999441.0,SCAI_PILOT,user_sensei_642,1241
1667999442.0,SCAI_PILOT,user_sensei_642,512
1667999442.001,SCAI_PILOT,user_sensei_642,556
1667999442.002,SCAI_PILOT,user_sensei_642,321
1667999443.0,SCAI_PILOT,user_sensei_642,393
1667999443.001,SCAI_PILOT,user_sensei_642,381
1667999444.0,SCAI_PILOT,user_sensei_642,310
1667999444.001,SCAI_PILOT,user_sensei_642,779
1667999444.002,SCAI_PILOT,user_sensei_642,332
1667999448.0,SCAI_PILOT,user_sensei_642,402
1667999449.0,SCAI_PILOT,user_sensei_642,324
1667999457.0,SCAI_PILOT,user_sensei_642,316
1667999460.0,SCAI_PILOT,user_sensei_642,337
1667999460.001,SCAI_PILOT,user_sensei_642,558
1667999462.0,SCAI_PILOT,user_sensei_642,323
1667999462.001,SCAI_PILOT,user_sensei_642,342
1667999462.002,SCAI_PILOT,user_sensei_642,362
1667999465.0,SCAI_PILOT,user_sensei_642,316
1667999465.001,SCAI_PILOT,user_sensei_642,344
1667999470.0,SCAI_PILOT,user_sensei_642,356
1667999471.0,SCAI_PILOT,user_sensei_642,1419
1667999471.001,SCAI_PILOT,user_sensei_642,377
1667999473.0,SCAI_PILOT,user_sensei_642,316
1667999476.0,SCAI_PILOT,user_sensei_642,337
1667999476.001,SCAI_PILOT,user_sensei_642,370
1667999478.0,SCAI_PILOT,user_sensei_642,324
1667999478.001,SCAI_PILOT,user_sensei_642,343
1667999488.0,SCAI_PILOT,user_sensei_642,347
1667999488.001,SCAI_PILOT,user_sensei_642,369
1667999488.002,SCAI_PILOT,user_sensei_642,352
1667999489.0,SCAI_PILOT,user_sensei_642,337
1667999492.0,SCAI_PILOT,user_sensei_642,322
1667999492.001,SCAI_PILOT,user_sensei_642,330
1667999492.002,SCAI_PILOT,user_sensei_642,322
1667999492.003,SCAI_PILOT,user_sensei_642,327
1667999492.004,SCAI_PILOT,user_sensei_642,342
1667999494.0,SCAI_PILOT,user_sensei_642,319
1667999494.001,SCAI_PILOT,user_sensei_642,318
1667999495.0,SCAI_PILOT,user_sensei_642,337
1667999495.001,SCAI_PILOT,user_sensei_642,326
1667999497.0,SCAI_PILOT,user_sensei_642,1425
1667999497.001,SCAI_PILOT,user_sensei_642,340
1667999500.0,SCAI_PILOT,user_sensei_642,344
1667999502.0,SCAI_PILOT,user_sensei_642,536
1667999502.001,SCAI_PILOT,user_sensei_642,333
1667999502.002,SCAI_PILOT,user_sensei_642,377
1667999503.0,SCAI_PILOT,user_sensei_642,348
1667999503.001,SCAI_PILOT,user_sensei_642,313
1667999508.0,SCAI_PILOT,user_sensei_642,314
1667999508.001,SCAI_PILOT,user_sensei_642,338
1667999519.0,SCAI_PILOT,user_sensei_642,312
1667999519.001,SCAI_PILOT,user_sensei_642,345
1667999519.002,SCAI_PILOT,user_sensei_642,395
1667999523.0,SCAI_PILOT,user_sensei_642,316
1667999523.001,SCAI_PILOT,user_sensei_642,363
1667999523.002,SCAI_PILOT,user_sensei_642,340
1667999524.0,SCAI_PILOT,user_sensei_642,306
1667999524.001,SCAI_PILOT,user_sensei_642,357
1667999524.002,SCAI_PILOT,user_sensei_642,583
1667999524.003,SCAI_PILOT,user_sensei_642,349
1667999531.0,SCAI_PILOT,user_sensei_642,318
1667999532.0,SCAI_PILOT,user_sensei_642,307
1667999540.0,SCAI_PILOT,user_sensei_642,322
1667999545.0,SCAI_PILOT,user_sensei_642,335
1667999545.001,SCAI_PILOT,user_sensei_642,341
1667999547.0,SCAI_PILOT,user_sensei_642,492
1667999547.001,SCAI_PILOT,user_sensei_642,325
1667999553.0,SCAI_PILOT,user_sensei_642,562
1667999553.001,SCAI_PILOT,user_sensei_642,321
1667999553.002,SCAI_PILOT,user_sensei_642,332
1667999553.003,SCAI_PILOT,user_sensei_642,327
1667999555.0,SCAI_PILOT,user_sensei_642,1054
1667999555.001,SCAI_PILOT,user_sensei_642,320
1667999555.002,SCAI_PILOT,user_sensei_642,352
1667999556.0,SCAI_PILOT,user_sensei_642,314
1667999556.001,SCAI_PILOT,user_sensei_642,658
1667999558.0,SCAI_PILOT,user_sensei_642,316
1667999558.001,SCAI_PILOT,user_sensei_642,762
1667999558.002,SCAI_PILOT,user_sensei_642,324
1667999561.0,SCAI_PILOT,user_sensei_642,318
1667999568.0,SCAI_PILOT,user_sensei_642,328
1667999569.0,SCAI_PILOT,user_sensei_642,768
1667999569.001,SCAI_PILOT,user_sensei_642,332
1667999569.002,SCAI_PILOT,user_sensei_642,350
1667999571.0,SCAI_PILOT,user_sensei_642,352
1667999573.0,SCAI_PILOT,user_sensei_642,1144
1667999573.001,SCAI_PILOT,user_sensei_642,315
1667999574.0,SCAI_PILOT,user_sensei_642,340
1667999574.001,SCAI_PILOT,user_sensei_642,332
1667999577.0,SCAI_PILOT,user_sensei_642,341
1667999577.001,SCAI_PILOT,user_sensei_642,938
1667999577.002,SCAI_PILOT,user_sensei_642,322
1667999579.0,SCAI_PILOT,user_sensei_642,1331
1667999579.001,SCAI_PILOT,user_sensei_642,325
1667999581.0,SCAI_PILOT,user_sensei_642,936
1667999581.001,SCAI_PILOT,user_sensei_642,341
1667999581.002,SCAI_PILOT,user_sensei_642,413
1667999582.0,SCAI_PILOT,user_sensei_642,330
1667999582.001,SCAI_PILOT,user_sensei_642,333
1667999584.0,SCAI_PILOT,user_sensei_642,327
1667999584.001,SCAI_PILOT,user_sensei_642,376
1667999585.0,SCAI_PILOT,user_sensei_642,557
1667999585.001,SCAI_PILOT,user_sensei_642,339
1667999589.0,SCAI_PILOT,user_sensei_642,328
1667999590.0,SCAI_PILOT,user_sensei_642,827
1667999590.001,SCAI_PILOT,user_sensei_642,315
1667999590.002,SCAI_PILOT,user_sensei_642,560
1667999590.003,SCAI_PILOT,user_sensei_642,321
1667999590.004,SCAI_PILOT,user_sensei_642,336
1667999592.0,SCAI_PILOT,user_sensei_642,315
1667999598.0,SCAI_PILOT,user_sensei_642,315
1667999598.001,SCAI_PILOT,user_sensei_642,343
1667999598.002,SCAI_PILOT,user_sensei_642,346
1667999598.003,SCAI_PILOT,user_sensei_642,839
1667999600.0,SCAI_PILOT,user_sensei_642,348
1667999600.001,SCAI_PILOT,user_sensei_642,319
1667999600.002,SCAI_PILOT,user_sensei_642,324
1668000680.0,SCAI_PILOT,user_sensei_642,437
1668000680.001,SCAI_PILOT,user_sensei_642,441
1668000681.0,SCAI_PILOT,user_sensei_642,346
1668000681.001,SCAI_PILOT,user_sensei_642,403
1668000681.002,SCAI_PILOT,user_sensei_642,473
1668000685.0,SCAI_PILOT,user_sensei_642,421
1668000685.001,SCAI_PILOT,user_sensei_642,435
1668000686.0,SCAI_PILOT,user_sensei_642,535
1668000691.0,SCAI_PILOT,user_sensei_642,315
1668000693.0,SCAI_PILOT,user_sensei_642,344
1668000695.0,SCAI_PILOT,user_sensei_642,345
1668000700.0,SCAI_PILOT,user_sensei_642,438
1668000701.0,SCAI_PILOT,user_sensei_642,314
1668000704.0,SCAI_PILOT,user_sensei_642,330
1668000708.0,SCAI_PILOT,user_sensei_642,347
1668000708.001,SCAI_PILOT,user_sensei_642,302
1668000710.0,SCAI_PILOT,user_sensei_642,348
1668000711.0,SCAI_PILOT,user_sensei_642,808
1668000712.0,SCAI_PILOT,user_sensei_642,314
1668000713.0,SCAI_PILOT,user_sensei_642,1280
1668000713.001,SCAI_PILOT,user_sensei_642,347
1668000715.0,SCAI_PILOT,user_sensei_642,810
1668000715.001,SCAI_PILOT,user_sensei_642,346
1668000715.002,SCAI_PILOT,user_sensei_642,807
1668000715.003,SCAI_PILOT,user_sensei_642,336
1668000716.0,SCAI_PILOT,user_sensei_642,315
1668000720.0,SCAI_PILOT,user_sensei_642,444
1668000737.0,SCAI_PILOT,user_sensei_642,338
1668000739.0,SCAI_PILOT,user_sensei_642,304
1668000739.001,SCAI_PILOT,user_sensei_642,1482
1668000740.0,SCAI_PILOT,user_sensei_642,349
1668000740.001,SCAI_PILOT,user_sensei_642,394
1668000787.0,SCAI_PILOT,user_sensei_642,387
1668000800.0,SCAI_PILOT,user_sensei_642,460
1668000816.0,SCAI_PILOT,user_sensei_642,384
1668000816.001,SCAI_PILOT,user_sensei_642,448
1668000918.0,SCAI_PILOT,user_sensei_642,315
1668000919.0,SCAI_PILOT,user_sensei_642,371
1668000919.001,SCAI_PILOT,user_sensei_642,324
1668000930.0,SCAI_PILOT,user_sensei_642,345
1668000934.0,SCAI_PILOT,user_sensei_642,414
1668000934.001,SCAI_PILOT,user_sensei_642,304
1668000937.0,SCAI_PILOT,user_sensei_642,326
1668000945.0,SCAI_PILOT,user_sensei_642,361
1668000948.0,SCAI_PILOT,user_sensei_642,359
1668000949.0,SCAI_PILOT,user_sensei_642,351
1668000964.0,SCAI_PILOT,user_sensei_642,430
1668000964.001,SCAI_PILOT,user_sensei_642,367
1668000986.0,SCAI_PILOT,user_sensei_642,382
1668000989.0,SCAI_PILOT,user_sensei_642,404
1668001036.0,SCAI_PILOT,user_sensei_642,454
1668001040.0,SCAI_PILOT,user_sensei_642,301
