projectId,userId,time,x,y,z
SCAI-ECG-BP,user_sensei_223,1668437746.689,-623,2155,-297
SCAI-ECG-BP,user_sensei_223,1668437746.889,1525,1905,3274
SCAI-ECG-BP,user_sensei_223,1668437747.089,716,654,3706
SCAI-ECG-BP,user_sensei_223,1668437747.289,-184,2775,-391
SCAI-ECG-BP,user_sensei_223,1668437747.489,-152,2026,-151
SCAI-ECG-BP,user_sensei_223,1668437747.689,-398,1780,223
SCAI-ECG-BP,user_sensei_223,1668437747.889,-564,2329,404
SCAI-ECG-BP,user_sensei_223,1668437748.089,-1343,2047,753
SCAI-ECG-BP,user_sensei_223,1668437748.289,-988,1564,270
SCAI-ECG-BP,user_sensei_223,1668437748.489,-839,1655,474
SCAI-ECG-BP,user_sensei_223,1668437748.689,-770,2207,368
SCAI-ECG-BP,user_sensei_223,1668437748.889,-366,2058,705
SCAI-ECG-BP,user_sensei_223,1668437749.089,-138,2228,250
SCAI-ECG-BP,user_sensei_223,1668437749.289,-323,2154,97
SCAI-ECG-BP,user_sensei_223,1668437749.489,-54,1924,416
SCAI-ECG-BP,user_sensei_223,1668437749.689,-632,2171,732
SCAI-ECG-BP,user_sensei_223,1668437749.889,-701,2389,611
SCAI-ECG-BP,user_sensei_223,1668437750.089,-753,1869,207
SCAI-ECG-BP,user_sensei_223,1668437750.289,-582,1905,41
SCAI-ECG-BP,user_sensei_223,1668437750.489,-531,2204,259
SCAI-ECG-BP,user_sensei_223,1668437750.689,-371,2000,453
SCAI-ECG-BP,user_sensei_223,1668437750.889,-304,1810,388
SCAI-ECG-BP,user_sensei_223,1668437751.089,-405,2094,407
SCAI-ECG-BP,user_sensei_223,1668437751.289,-475,1978,475
SCAI-ECG-BP,user_sensei_223,1668437751.489,-504,1880,423
SCAI-ECG-BP,user_sensei_223,1668437751.689,-589,1823,503
SCAI-ECG-BP,user_sensei_223,1668437751.889,-546,1789,463
SCAI-ECG-BP,user_sensei_223,1668437752.089,-542,1884,538
SCAI-ECG-BP,user_sensei_223,1668437752.289,-603,1769,452
SCAI-ECG-BP,user_sensei_223,1668437752.489,17,1999,353
SCAI-ECG-BP,user_sensei_223,1668437752.689,-89,1966,253
SCAI-ECG-BP,user_sensei_223,1668437752.889,-743,2115,-43
SCAI-ECG-BP,user_sensei_223,1668437753.089,-406,1778,-302
SCAI-ECG-BP,user_sensei_223,1668437753.289,-264,2015,-575
SCAI-ECG-BP,user_sensei_223,1668437753.489,-440,1637,-732
SCAI-ECG-BP,user_sensei_223,1668437753.689,-21,1753,-869
SCAI-ECG-BP,user_sensei_223,1668437753.889,54,2078,-517
SCAI-ECG-BP,user_sensei_223,1668437754.089,507,1999,-584
SCAI-ECG-BP,user_sensei_223,1668437754.289,-138,2067,-411
SCAI-ECG-BP,user_sensei_223,1668437754.489,136,1887,-703
SCAI-ECG-BP,user_sensei_223,1668437754.689,158,1275,-811
SCAI-ECG-BP,user_sensei_223,1668437754.889,-43,1975,-604
SCAI-ECG-BP,user_sensei_223,1668437755.089,-420,2063,-876
SCAI-ECG-BP,user_sensei_223,1668437755.289,-5,1653,-876
SCAI-ECG-BP,user_sensei_223,1668437755.489,11,1782,-712
SCAI-ECG-BP,user_sensei_223,1668437755.689,-1940,2320,-1061
SCAI-ECG-BP,user_sensei_223,1668437755.889,-121,1702,-923
SCAI-ECG-BP,user_sensei_223,1668437756.089,42,1774,-852
SCAI-ECG-BP,user_sensei_223,1668437756.289,122,1910,-819
SCAI-ECG-BP,user_sensei_223,1668437756.489,316,1763,-870
SCAI-ECG-BP,user_sensei_223,1668437756.689,215,2001,-956
SCAI-ECG-BP,user_sensei_223,1668437756.889,188,1978,-947
SCAI-ECG-BP,user_sensei_223,1668437757.089,177,1795,-901
SCAI-ECG-BP,user_sensei_223,1668437757.289,170,1781,-861
SCAI-ECG-BP,user_sensei_223,1668437757.489,214,1865,-887
SCAI-ECG-BP,user_sensei_223,1668437757.689,230,1814,-865
SCAI-ECG-BP,user_sensei_223,1668437757.889,158,1956,-752
SCAI-ECG-BP,user_sensei_223,1668437758.089,110,1782,-737
SCAI-ECG-BP,user_sensei_223,1668437758.289,-66,1854,-823
SCAI-ECG-BP,user_sensei_223,1668437758.489,-100,1928,-799
SCAI-ECG-BP,user_sensei_223,1668437758.689,130,1859,-813
SCAI-ECG-BP,user_sensei_223,1668437758.889,-6,2044,-530
SCAI-ECG-BP,user_sensei_223,1668437759.089,86,1974,-678
SCAI-ECG-BP,user_sensei_223,1668437759.289,-205,1830,-550
SCAI-ECG-BP,user_sensei_223,1668437759.489,-253,2052,-576
SCAI-ECG-BP,user_sensei_223,1668437759.689,-549,1739,-955
SCAI-ECG-BP,user_sensei_223,1668437759.889,-361,1791,-889
SCAI-ECG-BP,user_sensei_223,1668437760.089,-306,2002,-867
SCAI-ECG-BP,user_sensei_223,1668437760.289,8,1709,-689
SCAI-ECG-BP,user_sensei_223,1668437760.489,-291,861,-545
SCAI-ECG-BP,user_sensei_223,1668437760.689,-761,2669,-921
SCAI-ECG-BP,user_sensei_223,1668437760.889,423,2039,-603
SCAI-ECG-BP,user_sensei_223,1668437761.089,-318,2032,-864
SCAI-ECG-BP,user_sensei_223,1668437761.289,121,2025,-707
SCAI-ECG-BP,user_sensei_223,1668437761.489,-26,1822,-767
SCAI-ECG-BP,user_sensei_223,1668437761.689,-153,1991,-948
SCAI-ECG-BP,user_sensei_223,1668437761.889,148,1739,-591
SCAI-ECG-BP,user_sensei_223,1668437762.089,164,1847,-777
SCAI-ECG-BP,user_sensei_223,1668437762.289,-72,1900,-761
SCAI-ECG-BP,user_sensei_223,1668437762.489,-58,1882,-767
SCAI-ECG-BP,user_sensei_223,1668437762.689,-39,1984,-734
SCAI-ECG-BP,user_sensei_223,1668437762.889,-80,1914,-779
SCAI-ECG-BP,user_sensei_223,1668437763.089,-169,1878,-816
SCAI-ECG-BP,user_sensei_223,1668437763.289,-189,1751,-853
SCAI-ECG-BP,user_sensei_223,1668437763.489,-181,1849,-732
SCAI-ECG-BP,user_sensei_223,1668437763.689,18,1785,-763
SCAI-ECG-BP,user_sensei_223,1668437763.889,19,1629,-743
SCAI-ECG-BP,user_sensei_223,1668437764.089,49,1860,-642
SCAI-ECG-BP,user_sensei_223,1668437764.289,296,1985,-665
SCAI-ECG-BP,user_sensei_223,1668437764.489,560,1930,-647
SCAI-ECG-BP,user_sensei_223,1668437764.689,790,1992,-501
SCAI-ECG-BP,user_sensei_223,1668437764.889,1010,1712,-433
SCAI-ECG-BP,user_sensei_223,1668437765.089,1098,1801,-440
SCAI-ECG-BP,user_sensei_223,1668437765.289,994,1601,-478
SCAI-ECG-BP,user_sensei_223,1668437765.489,1030,1652,-642
SCAI-ECG-BP,user_sensei_223,1668437765.689,982,1330,-238
SCAI-ECG-BP,user_sensei_223,1668437765.889,840,1359,-377
SCAI-ECG-BP,user_sensei_223,1668437766.089,1625,1379,-294
SCAI-ECG-BP,user_sensei_223,1668437766.289,1134,1458,-698
SCAI-ECG-BP,user_sensei_223,1668437766.489,1135,1481,-736
SCAI-ECG-BP,user_sensei_223,1668437766.689,931,1447,-951
SCAI-ECG-BP,user_sensei_223,1668437766.889,1967,608,-649
SCAI-ECG-BP,user_sensei_223,1668437767.089,1022,657,-667
SCAI-ECG-BP,user_sensei_223,1668437767.289,-293,1741,-1323
SCAI-ECG-BP,user_sensei_223,1668437767.489,211,1196,-2224
SCAI-ECG-BP,user_sensei_223,1668437767.689,-217,304,-1151
SCAI-ECG-BP,user_sensei_223,1668437767.889,59,1651,-2158
SCAI-ECG-BP,user_sensei_223,1668437768.089,-882,2664,-1351
SCAI-ECG-BP,user_sensei_223,1668437768.289,-820,2189,-185
SCAI-ECG-BP,user_sensei_223,1668437768.489,1,1703,-1263
SCAI-ECG-BP,user_sensei_223,1668437768.689,147,1677,-1168
SCAI-ECG-BP,user_sensei_223,1668437768.889,-1044,2106,-664
SCAI-ECG-BP,user_sensei_223,1668437769.089,37,2279,-685
SCAI-ECG-BP,user_sensei_223,1668437769.289,173,2043,-383
SCAI-ECG-BP,user_sensei_223,1668437769.489,-380,2343,-281
SCAI-ECG-BP,user_sensei_223,1668437769.689,28,1952,1
SCAI-ECG-BP,user_sensei_223,1668437769.889,-133,1893,-31
SCAI-ECG-BP,user_sensei_223,1668437770.089,-6,1916,22
SCAI-ECG-BP,user_sensei_223,1668437770.289,-367,2635,445
SCAI-ECG-BP,user_sensei_223,1668437770.489,-283,2143,195
SCAI-ECG-BP,user_sensei_223,1668437773.682,-238,1984,26
SCAI-ECG-BP,user_sensei_223,1668437773.882,-380,2171,9
SCAI-ECG-BP,user_sensei_223,1668437774.082,-413,1972,-111
SCAI-ECG-BP,user_sensei_223,1668437774.282,138,2204,-134
SCAI-ECG-BP,user_sensei_223,1668437774.482,-422,2072,10
SCAI-ECG-BP,user_sensei_223,1668437774.682,-8,2033,-15
SCAI-ECG-BP,user_sensei_223,1668437774.882,91,2011,-44
SCAI-ECG-BP,user_sensei_223,1668437775.082,310,1977,-68
SCAI-ECG-BP,user_sensei_223,1668437775.282,124,1906,-152
SCAI-ECG-BP,user_sensei_223,1668437775.482,392,1866,-92
SCAI-ECG-BP,user_sensei_223,1668437775.682,-78,2104,97
SCAI-ECG-BP,user_sensei_223,1668437775.882,102,2071,226
SCAI-ECG-BP,user_sensei_223,1668437776.082,-10,1976,547
SCAI-ECG-BP,user_sensei_223,1668437776.282,-754,1932,563
SCAI-ECG-BP,user_sensei_223,1668437776.482,-651,1382,671
SCAI-ECG-BP,user_sensei_223,1668437776.682,159,1596,428
SCAI-ECG-BP,user_sensei_223,1668437776.882,-16,2337,699
SCAI-ECG-BP,user_sensei_223,1668437777.082,-392,2645,1464
SCAI-ECG-BP,user_sensei_223,1668437777.282,-694,2263,677
SCAI-ECG-BP,user_sensei_223,1668437777.482,-590,1207,807
SCAI-ECG-BP,user_sensei_223,1668437777.682,-423,1786,776
SCAI-ECG-BP,user_sensei_223,1668437777.882,-77,1492,669
SCAI-ECG-BP,user_sensei_223,1668437778.082,-837,2078,959
SCAI-ECG-BP,user_sensei_223,1668437778.282,-1076,1653,628
SCAI-ECG-BP,user_sensei_223,1668437778.482,-538,1943,525
SCAI-ECG-BP,user_sensei_223,1668437778.682,-498,1179,647
SCAI-ECG-BP,user_sensei_223,1668437778.882,-625,1796,348
SCAI-ECG-BP,user_sensei_223,1668437779.082,-237,1760,476
SCAI-ECG-BP,user_sensei_223,1668437779.282,-336,1988,647
SCAI-ECG-BP,user_sensei_223,1668437779.482,-118,2076,623
SCAI-ECG-BP,user_sensei_223,1668437779.682,77,2078,569
SCAI-ECG-BP,user_sensei_223,1668437779.882,-215,1561,836
SCAI-ECG-BP,user_sensei_223,1668437780.082,-103,1788,782
SCAI-ECG-BP,user_sensei_223,1668437780.282,-374,2038,734
SCAI-ECG-BP,user_sensei_223,1668437780.482,-720,1558,710
SCAI-ECG-BP,user_sensei_223,1668437780.682,-79,1634,728
SCAI-ECG-BP,user_sensei_223,1668437780.882,-460,1807,810
SCAI-ECG-BP,user_sensei_223,1668437781.082,-38,1714,667
SCAI-ECG-BP,user_sensei_223,1668437781.282,-440,1806,795
SCAI-ECG-BP,user_sensei_223,1668437781.482,-480,1843,776
SCAI-ECG-BP,user_sensei_223,1668437781.682,-350,1800,726
SCAI-ECG-BP,user_sensei_223,1668437781.882,-279,1862,727
SCAI-ECG-BP,user_sensei_223,1668437782.082,-319,1785,757
SCAI-ECG-BP,user_sensei_223,1668437782.282,-456,1884,780
SCAI-ECG-BP,user_sensei_223,1668437782.482,-224,1973,715
SCAI-ECG-BP,user_sensei_223,1668437782.682,-418,1816,789
SCAI-ECG-BP,user_sensei_223,1668437782.882,-475,1804,525
SCAI-ECG-BP,user_sensei_223,1668437783.082,-293,1913,638
SCAI-ECG-BP,user_sensei_223,1668437783.282,-303,1858,686
SCAI-ECG-BP,user_sensei_223,1668437783.482,-491,1800,655
SCAI-ECG-BP,user_sensei_223,1668437783.682,-359,1861,666
SCAI-ECG-BP,user_sensei_223,1668437783.882,-406,2020,679
SCAI-ECG-BP,user_sensei_223,1668437784.082,-756,2085,690
SCAI-ECG-BP,user_sensei_223,1668437784.282,-285,1950,674
SCAI-ECG-BP,user_sensei_223,1668437784.482,-314,1862,737
SCAI-ECG-BP,user_sensei_223,1668437784.682,-419,1794,485
SCAI-ECG-BP,user_sensei_223,1668437784.882,-454,1957,495
SCAI-ECG-BP,user_sensei_223,1668437785.082,-511,1910,455
SCAI-ECG-BP,user_sensei_223,1668437785.282,-541,1951,477
SCAI-ECG-BP,user_sensei_223,1668437785.482,-550,1859,418
SCAI-ECG-BP,user_sensei_223,1668437785.682,-679,2023,156
SCAI-ECG-BP,user_sensei_223,1668437785.882,-655,1941,218
SCAI-ECG-BP,user_sensei_223,1668437786.082,-622,1943,187
SCAI-ECG-BP,user_sensei_223,1668437786.282,-588,1958,260
SCAI-ECG-BP,user_sensei_223,1668437786.482,-411,2002,408
SCAI-ECG-BP,user_sensei_223,1668437786.682,-108,2039,648
SCAI-ECG-BP,user_sensei_223,1668437786.882,-6,1927,568
SCAI-ECG-BP,user_sensei_223,1668437787.082,-11,2035,497
SCAI-ECG-BP,user_sensei_223,1668437787.282,-204,2014,496
SCAI-ECG-BP,user_sensei_223,1668437787.482,-229,1927,321
SCAI-ECG-BP,user_sensei_223,1668437787.682,-419,2055,498
SCAI-ECG-BP,user_sensei_223,1668437787.882,-364,1950,497
SCAI-ECG-BP,user_sensei_223,1668437788.082,-363,1967,552
SCAI-ECG-BP,user_sensei_223,1668437788.282,-242,1940,465
SCAI-ECG-BP,user_sensei_223,1668437788.482,220,2115,101
SCAI-ECG-BP,user_sensei_223,1668437788.682,235,2024,126
SCAI-ECG-BP,user_sensei_223,1668437788.882,237,2107,247
SCAI-ECG-BP,user_sensei_223,1668437789.082,165,1943,317
SCAI-ECG-BP,user_sensei_223,1668437789.282,230,1991,465
SCAI-ECG-BP,user_sensei_223,1668437789.482,286,1942,532
SCAI-ECG-BP,user_sensei_223,1668437789.682,249,1996,433
SCAI-ECG-BP,user_sensei_223,1668437789.882,259,2004,407
SCAI-ECG-BP,user_sensei_223,1668437790.082,220,1984,387
SCAI-ECG-BP,user_sensei_223,1668437790.282,213,2007,395
SCAI-ECG-BP,user_sensei_223,1668437790.482,242,1990,364
SCAI-ECG-BP,user_sensei_223,1668437790.682,191,1996,396
SCAI-ECG-BP,user_sensei_223,1668437790.882,143,2060,343
SCAI-ECG-BP,user_sensei_223,1668437791.082,258,2016,355
SCAI-ECG-BP,user_sensei_223,1668437791.282,244,1922,225
SCAI-ECG-BP,user_sensei_223,1668437791.482,-103,2127,594
SCAI-ECG-BP,user_sensei_223,1668437791.682,-585,1776,811
SCAI-ECG-BP,user_sensei_223,1668437791.882,-573,1755,745
SCAI-ECG-BP,user_sensei_223,1668437792.082,-605,1935,823
SCAI-ECG-BP,user_sensei_223,1668437792.282,-288,1764,770
SCAI-ECG-BP,user_sensei_223,1668437792.482,-246,1867,784
SCAI-ECG-BP,user_sensei_223,1668437792.682,-302,1792,801
SCAI-ECG-BP,user_sensei_223,1668437792.882,-204,1841,676
SCAI-ECG-BP,user_sensei_223,1668437793.082,-261,1804,717
SCAI-ECG-BP,user_sensei_223,1668437793.282,-449,1796,777
SCAI-ECG-BP,user_sensei_223,1668437793.482,-53,1998,689
SCAI-ECG-BP,user_sensei_223,1668437793.682,3,1939,424
SCAI-ECG-BP,user_sensei_223,1668437793.882,-550,1966,735
SCAI-ECG-BP,user_sensei_223,1668437794.082,104,1945,574
SCAI-ECG-BP,user_sensei_223,1668437794.282,96,1924,623
SCAI-ECG-BP,user_sensei_223,1668437794.482,190,2017,499
SCAI-ECG-BP,user_sensei_223,1668437794.682,180,1998,409
SCAI-ECG-BP,user_sensei_223,1668437794.882,298,2047,330
SCAI-ECG-BP,user_sensei_223,1668437795.082,191,1998,350
SCAI-ECG-BP,user_sensei_223,1668437795.282,136,1927,385
SCAI-ECG-BP,user_sensei_223,1668437795.482,182,1980,398
SCAI-ECG-BP,user_sensei_223,1668437795.682,268,1991,433
SCAI-ECG-BP,user_sensei_223,1668437795.882,301,1977,422
SCAI-ECG-BP,user_sensei_223,1668437796.082,438,2054,395
SCAI-ECG-BP,user_sensei_223,1668437796.282,444,2004,358
SCAI-ECG-BP,user_sensei_223,1668437796.482,404,2012,374
SCAI-ECG-BP,user_sensei_223,1668437796.682,363,1974,393
SCAI-ECG-BP,user_sensei_223,1668437796.882,426,1971,366
SCAI-ECG-BP,user_sensei_223,1668437797.082,354,1929,356
SCAI-ECG-BP,user_sensei_223,1668437797.282,303,2082,553
SCAI-ECG-BP,user_sensei_223,1668437797.482,247,1949,535
SCAI-ECG-BP,user_sensei_223,1668437797.682,218,1979,601
SCAI-ECG-BP,user_sensei_223,1668437797.882,131,1951,599
SCAI-ECG-BP,user_sensei_223,1668437798.082,176,1914,532
SCAI-ECG-BP,user_sensei_223,1668437798.282,293,2038,558
SCAI-ECG-BP,user_sensei_223,1668437798.482,242,1987,610
SCAI-ECG-BP,user_sensei_223,1668437798.682,246,1965,553
SCAI-ECG-BP,user_sensei_223,1668437798.882,290,1928,616
SCAI-ECG-BP,user_sensei_223,1668437799.082,376,1935,597
SCAI-ECG-BP,user_sensei_223,1668437799.282,332,1886,595
SCAI-ECG-BP,user_sensei_223,1668437799.482,307,1846,690
SCAI-ECG-BP,user_sensei_223,1668437799.682,290,1933,630
SCAI-ECG-BP,user_sensei_223,1668437799.882,403,1919,593
SCAI-ECG-BP,user_sensei_223,1668437800.082,338,1915,627
SCAI-ECG-BP,user_sensei_223,1668437800.282,380,1919,636
SCAI-ECG-BP,user_sensei_223,1668437800.482,355,1943,611
SCAI-ECG-BP,user_sensei_223,1668437800.682,396,1949,620
SCAI-ECG-BP,user_sensei_223,1668437800.882,307,1920,636
SCAI-ECG-BP,user_sensei_223,1668437801.082,293,1903,660
SCAI-ECG-BP,user_sensei_223,1668437801.282,341,1956,612
SCAI-ECG-BP,user_sensei_223,1668437801.482,367,1938,574
SCAI-ECG-BP,user_sensei_223,1668437801.682,157,1812,664
SCAI-ECG-BP,user_sensei_223,1668437801.882,-7,1889,829
SCAI-ECG-BP,user_sensei_223,1668437802.082,-431,1801,1081
SCAI-ECG-BP,user_sensei_223,1668437802.282,-283,1784,977
SCAI-ECG-BP,user_sensei_223,1668437802.482,-393,1936,879
SCAI-ECG-BP,user_sensei_223,1668437802.682,-67,1911,836
SCAI-ECG-BP,user_sensei_223,1668437802.882,-133,1975,958
SCAI-ECG-BP,user_sensei_223,1668437803.082,-104,1875,893
SCAI-ECG-BP,user_sensei_223,1668437803.282,-259,1891,826
SCAI-ECG-BP,user_sensei_223,1668437803.482,-338,1780,817
SCAI-ECG-BP,user_sensei_223,1668437803.682,-283,1842,829
SCAI-ECG-BP,user_sensei_223,1668437803.882,-333,1785,864
SCAI-ECG-BP,user_sensei_223,1668437804.082,-287,1792,851
SCAI-ECG-BP,user_sensei_223,1668437804.282,39,1967,708
SCAI-ECG-BP,user_sensei_223,1668437804.482,178,2005,653
SCAI-ECG-BP,user_sensei_223,1668437804.682,-124,1913,661
SCAI-ECG-BP,user_sensei_223,1668437804.882,-54,1867,680
SCAI-ECG-BP,user_sensei_223,1668437805.082,-544,2130,-113
SCAI-ECG-BP,user_sensei_223,1668437805.282,-659,1712,477
SCAI-ECG-BP,user_sensei_223,1668437805.482,-753,1856,506
SCAI-ECG-BP,user_sensei_223,1668437805.682,-857,2175,354
SCAI-ECG-BP,user_sensei_223,1668437805.882,-524,1948,585
SCAI-ECG-BP,user_sensei_223,1668437806.082,-81,1929,567
SCAI-ECG-BP,user_sensei_223,1668437806.282,-290,1743,616
SCAI-ECG-BP,user_sensei_223,1668437806.482,-621,2287,568
SCAI-ECG-BP,user_sensei_223,1668437806.682,-96,1881,588
SCAI-ECG-BP,user_sensei_223,1668437806.882,-368,1782,822
SCAI-ECG-BP,user_sensei_223,1668437807.082,-711,1992,-32
SCAI-ECG-BP,user_sensei_223,1668437807.282,-301,2138,-249
SCAI-ECG-BP,user_sensei_223,1668437807.482,12,1956,-223
SCAI-ECG-BP,user_sensei_223,1668437807.682,146,2013,-263
SCAI-ECG-BP,user_sensei_223,1668437807.882,495,2256,-231
SCAI-ECG-BP,user_sensei_223,1668437808.082,544,2229,-346
SCAI-ECG-BP,user_sensei_223,1668437808.282,-131,1457,-438
SCAI-ECG-BP,user_sensei_223,1668437808.482,61,1906,-436
SCAI-ECG-BP,user_sensei_223,1668437808.682,202,1935,-207
SCAI-ECG-BP,user_sensei_223,1668437808.882,447,2172,-348
SCAI-ECG-BP,user_sensei_223,1668437809.082,324,2022,-293
SCAI-ECG-BP,user_sensei_223,1668437809.282,319,2190,-298
SCAI-ECG-BP,user_sensei_223,1668437809.482,-201,2014,-46
SCAI-ECG-BP,user_sensei_223,1668437809.682,-447,2078,-256
SCAI-ECG-BP,user_sensei_223,1668437809.882,-98,2033,-288
SCAI-ECG-BP,user_sensei_223,1668437810.082,188,1882,-287
SCAI-ECG-BP,user_sensei_223,1668437810.282,-415,1942,-250
SCAI-ECG-BP,user_sensei_223,1668437810.482,366,2034,-251
SCAI-ECG-BP,user_sensei_223,1668437810.682,85,2182,156
SCAI-ECG-BP,user_sensei_223,1668437810.882,526,1987,-369
SCAI-ECG-BP,user_sensei_223,1668437811.082,1199,2309,-551
SCAI-ECG-BP,user_sensei_223,1668437811.282,482,2039,-285
SCAI-ECG-BP,user_sensei_223,1668437811.482,-64,1862,-283
SCAI-ECG-BP,user_sensei_223,1668437811.682,418,1902,-278
SCAI-ECG-BP,user_sensei_223,1668437811.882,627,1898,-387
SCAI-ECG-BP,user_sensei_223,1668437812.082,124,2133,-329
SCAI-ECG-BP,user_sensei_223,1668437812.282,184,1908,-446
SCAI-ECG-BP,user_sensei_223,1668437812.482,990,2015,-337
SCAI-ECG-BP,user_sensei_223,1668437812.682,289,1909,-308
SCAI-ECG-BP,user_sensei_223,1668437812.882,266,1870,-270
SCAI-ECG-BP,user_sensei_223,1668437813.082,-92,1887,-335
SCAI-ECG-BP,user_sensei_223,1668437813.282,253,1995,-291
SCAI-ECG-BP,user_sensei_223,1668437813.482,371,2008,-333
SCAI-ECG-BP,user_sensei_223,1668437813.682,275,1993,-363
SCAI-ECG-BP,user_sensei_223,1668437813.882,516,2043,-413
SCAI-ECG-BP,user_sensei_223,1668437814.082,709,2005,-383
SCAI-ECG-BP,user_sensei_223,1668437814.282,550,2051,-410
SCAI-ECG-BP,user_sensei_223,1668437814.482,706,2036,-339
SCAI-ECG-BP,user_sensei_223,1668437814.682,541,1949,-161
SCAI-ECG-BP,user_sensei_223,1668437814.882,849,2323,-246
SCAI-ECG-BP,user_sensei_223,1668437815.082,375,2019,-303
SCAI-ECG-BP,user_sensei_223,1668437815.282,440,2041,-251
SCAI-ECG-BP,user_sensei_223,1668437815.482,57,2094,-114
SCAI-ECG-BP,user_sensei_223,1668437815.682,-37,2030,19
SCAI-ECG-BP,user_sensei_223,1668437815.882,-84,2174,294
SCAI-ECG-BP,user_sensei_223,1668437816.082,-207,1985,391
SCAI-ECG-BP,user_sensei_223,1668437816.282,-342,2043,398
SCAI-ECG-BP,user_sensei_223,1668437816.482,-416,1805,548
SCAI-ECG-BP,user_sensei_223,1668437816.682,-601,1843,586
SCAI-ECG-BP,user_sensei_223,1668437816.882,-834,1793,218
SCAI-ECG-BP,user_sensei_223,1668437817.082,-265,2634,654
SCAI-ECG-BP,user_sensei_223,1668437817.282,-800,1631,675
SCAI-ECG-BP,user_sensei_223,1668437817.482,-658,1806,819
SCAI-ECG-BP,user_sensei_223,1668437817.682,-276,1798,900
SCAI-ECG-BP,user_sensei_223,1668437817.882,-640,1770,850
SCAI-ECG-BP,user_sensei_223,1668437818.082,-684,1938,791
SCAI-ECG-BP,user_sensei_223,1668437818.282,-379,1841,679
SCAI-ECG-BP,user_sensei_223,1668437818.482,-193,2001,533
SCAI-ECG-BP,user_sensei_223,1668437818.682,-466,1475,964
SCAI-ECG-BP,user_sensei_223,1668437818.882,-412,1843,867
SCAI-ECG-BP,user_sensei_223,1668437819.082,-436,1971,758
SCAI-ECG-BP,user_sensei_223,1668437819.282,-618,1881,588
SCAI-ECG-BP,user_sensei_223,1668437819.482,-445,2023,514
SCAI-ECG-BP,user_sensei_223,1668437819.682,-485,1850,495
SCAI-ECG-BP,user_sensei_223,1668437819.882,-574,1891,412
SCAI-ECG-BP,user_sensei_223,1668437820.082,-291,1959,520
SCAI-ECG-BP,user_sensei_223,1668437820.282,-114,1885,561
SCAI-ECG-BP,user_sensei_223,1668437820.482,-165,1983,549
SCAI-ECG-BP,user_sensei_223,1668437820.682,34,2010,390
SCAI-ECG-BP,user_sensei_223,1668437820.882,145,1901,423
SCAI-ECG-BP,user_sensei_223,1668437821.082,61,2005,309
SCAI-ECG-BP,user_sensei_223,1668437821.282,61,2008,437
SCAI-ECG-BP,user_sensei_223,1668437821.482,-109,2001,631
SCAI-ECG-BP,user_sensei_223,1668437821.682,-517,1902,828
SCAI-ECG-BP,user_sensei_223,1668437821.882,-533,1956,826
SCAI-ECG-BP,user_sensei_223,1668437822.082,-641,1800,807
SCAI-ECG-BP,user_sensei_223,1668437822.282,-568,1829,859
SCAI-ECG-BP,user_sensei_223,1668437822.482,-581,1698,901
SCAI-ECG-BP,user_sensei_223,1668437822.682,-597,1735,1003
SCAI-ECG-BP,user_sensei_223,1668437822.882,-415,1725,952
SCAI-ECG-BP,user_sensei_223,1668437823.082,-469,1702,946
SCAI-ECG-BP,user_sensei_223,1668437823.282,-453,1797,1005
SCAI-ECG-BP,user_sensei_223,1668437823.482,-432,1784,962
SCAI-ECG-BP,user_sensei_223,1668437823.682,-450,1718,1006
SCAI-ECG-BP,user_sensei_223,1668437823.882,-393,1741,982
SCAI-ECG-BP,user_sensei_223,1668437824.082,-418,1814,939
SCAI-ECG-BP,user_sensei_223,1668437824.282,-542,1699,928
SCAI-ECG-BP,user_sensei_223,1668437824.482,-562,1744,943
SCAI-ECG-BP,user_sensei_223,1668437824.682,-669,1694,917
SCAI-ECG-BP,user_sensei_223,1668437824.882,-622,1768,852
SCAI-ECG-BP,user_sensei_223,1668437825.082,-646,1781,870
SCAI-ECG-BP,user_sensei_223,1668437825.282,-393,1714,778
SCAI-ECG-BP,user_sensei_223,1668437825.482,-274,1821,704
SCAI-ECG-BP,user_sensei_223,1668437825.682,-141,1943,674
SCAI-ECG-BP,user_sensei_223,1668437825.882,-68,1982,722
SCAI-ECG-BP,user_sensei_223,1668437826.082,-147,1919,725
SCAI-ECG-BP,user_sensei_223,1668437826.282,-286,1930,720
SCAI-ECG-BP,user_sensei_223,1668437826.482,-304,1844,716
SCAI-ECG-BP,user_sensei_223,1668437826.682,-236,2027,613
SCAI-ECG-BP,user_sensei_223,1668437826.882,-487,1944,564
SCAI-ECG-BP,user_sensei_223,1668437827.082,-473,1876,605
SCAI-ECG-BP,user_sensei_223,1668437827.282,-461,1826,539
SCAI-ECG-BP,user_sensei_223,1668437827.482,-437,1949,586
SCAI-ECG-BP,user_sensei_223,1668437827.682,-296,1885,596
SCAI-ECG-BP,user_sensei_223,1668437827.882,-461,1881,610
SCAI-ECG-BP,user_sensei_223,1668437828.082,-397,1913,617
SCAI-ECG-BP,user_sensei_223,1668437828.282,-418,1901,595
SCAI-ECG-BP,user_sensei_223,1668437828.482,-433,1909,603
SCAI-ECG-BP,user_sensei_223,1668437828.682,-408,1904,572
SCAI-ECG-BP,user_sensei_223,1668437828.882,-417,1907,583
SCAI-ECG-BP,user_sensei_223,1668437829.082,-404,1903,575
SCAI-ECG-BP,user_sensei_223,1668437829.282,-431,1905,597
SCAI-ECG-BP,user_sensei_223,1668437829.482,-407,1906,585
SCAI-ECG-BP,user_sensei_223,1668437829.682,-404,1910,572
SCAI-ECG-BP,user_sensei_223,1668437829.882,-430,1921,561
SCAI-ECG-BP,user_sensei_223,1668437830.082,-414,1895,580
SCAI-ECG-BP,user_sensei_223,1668437830.282,-389,1919,531
SCAI-ECG-BP,user_sensei_223,1668437830.482,-420,1904,577
SCAI-ECG-BP,user_sensei_223,1668437830.682,-417,1924,553
SCAI-ECG-BP,user_sensei_223,1668437830.882,-408,1922,555
SCAI-ECG-BP,user_sensei_223,1668437831.082,-413,1927,549
SCAI-ECG-BP,user_sensei_223,1668437831.282,-416,1923,544
SCAI-ECG-BP,user_sensei_223,1668437831.482,-412,1928,534
SCAI-ECG-BP,user_sensei_223,1668437831.682,-405,1928,554
SCAI-ECG-BP,user_sensei_223,1668437831.882,-414,1925,532
SCAI-ECG-BP,user_sensei_223,1668437832.082,-409,1918,516
SCAI-ECG-BP,user_sensei_223,1668437832.282,-413,1919,550
SCAI-ECG-BP,user_sensei_223,1668437832.482,-395,1915,514
SCAI-ECG-BP,user_sensei_223,1668437832.682,-447,1930,572
SCAI-ECG-BP,user_sensei_223,1668437832.882,-394,1933,587
SCAI-ECG-BP,user_sensei_223,1668437833.082,-371,1938,549
SCAI-ECG-BP,user_sensei_223,1668437833.282,-399,1884,558
SCAI-ECG-BP,user_sensei_223,1668437833.482,-436,1895,579
SCAI-ECG-BP,user_sensei_223,1668437833.682,-426,1918,542
SCAI-ECG-BP,user_sensei_223,1668437833.882,-411,1942,475
SCAI-ECG-BP,user_sensei_223,1668437834.082,-403,1956,504
SCAI-ECG-BP,user_sensei_223,1668437834.282,-434,1939,529
SCAI-ECG-BP,user_sensei_223,1668437834.482,-385,1910,532
SCAI-ECG-BP,user_sensei_223,1668437834.682,-378,1927,556
SCAI-ECG-BP,user_sensei_223,1668437834.882,-417,1901,560
SCAI-ECG-BP,user_sensei_223,1668437835.082,-399,1918,581
SCAI-ECG-BP,user_sensei_223,1668437835.282,-411,1901,532
SCAI-ECG-BP,user_sensei_223,1668437835.482,-403,1911,555
SCAI-ECG-BP,user_sensei_223,1668437835.682,-417,1916,566
SCAI-ECG-BP,user_sensei_223,1668437835.882,-410,1914,563
SCAI-ECG-BP,user_sensei_223,1668437836.082,-409,1918,558
SCAI-ECG-BP,user_sensei_223,1668437836.282,-411,1929,575
SCAI-ECG-BP,user_sensei_223,1668437836.482,-409,1922,554
SCAI-ECG-BP,user_sensei_223,1668437836.682,-413,1921,564
SCAI-ECG-BP,user_sensei_223,1668437836.882,-399,1917,532
SCAI-ECG-BP,user_sensei_223,1668437837.082,-410,1924,558
SCAI-ECG-BP,user_sensei_223,1668437837.282,-403,1916,554
SCAI-ECG-BP,user_sensei_223,1668437837.482,-403,1917,557
SCAI-ECG-BP,user_sensei_223,1668437837.682,-418,1915,539
SCAI-ECG-BP,user_sensei_223,1668437837.882,-408,1927,547
SCAI-ECG-BP,user_sensei_223,1668437838.082,-406,1916,557
SCAI-ECG-BP,user_sensei_223,1668437838.282,-402,1918,538
SCAI-ECG-BP,user_sensei_223,1668437838.482,-402,1919,539
SCAI-ECG-BP,user_sensei_223,1668437838.682,-405,1919,546
SCAI-ECG-BP,user_sensei_223,1668437838.882,-404,1926,562
SCAI-ECG-BP,user_sensei_223,1668437839.082,-416,1937,544
SCAI-ECG-BP,user_sensei_223,1668437839.282,-408,1922,544
SCAI-ECG-BP,user_sensei_223,1668437839.482,-400,1930,533
SCAI-ECG-BP,user_sensei_223,1668437839.682,-387,1921,520
SCAI-ECG-BP,user_sensei_223,1668437839.882,-405,1929,519
SCAI-ECG-BP,user_sensei_223,1668437840.082,-403,1933,532
SCAI-ECG-BP,user_sensei_223,1668437840.282,-384,1925,537
SCAI-ECG-BP,user_sensei_223,1668437840.482,-400,1938,544
SCAI-ECG-BP,user_sensei_223,1668437840.682,-391,1922,541
SCAI-ECG-BP,user_sensei_223,1668437840.882,-392,1921,553
SCAI-ECG-BP,user_sensei_223,1668437841.082,-396,1940,558
SCAI-ECG-BP,user_sensei_223,1668437841.282,-398,1924,557
SCAI-ECG-BP,user_sensei_223,1668437841.482,-389,1936,550
SCAI-ECG-BP,user_sensei_223,1668437841.682,-398,1920,554
SCAI-ECG-BP,user_sensei_223,1668437841.882,-388,1923,550
SCAI-ECG-BP,user_sensei_223,1668437842.082,-394,1923,551
SCAI-ECG-BP,user_sensei_223,1668437842.282,-387,1929,539
SCAI-ECG-BP,user_sensei_223,1668437842.482,-390,1937,536
SCAI-ECG-BP,user_sensei_223,1668437842.682,-398,1940,541
SCAI-ECG-BP,user_sensei_223,1668437842.882,-374,1952,523
SCAI-ECG-BP,user_sensei_223,1668437843.082,-387,1933,525
SCAI-ECG-BP,user_sensei_223,1668437843.282,-397,1930,552
SCAI-ECG-BP,user_sensei_223,1668437843.482,-387,1923,545
SCAI-ECG-BP,user_sensei_223,1668437843.682,-384,1928,530
SCAI-ECG-BP,user_sensei_223,1668437843.882,-391,1924,553
SCAI-ECG-BP,user_sensei_223,1668437844.082,-372,1919,539
SCAI-ECG-BP,user_sensei_223,1668437844.282,-429,1922,550
SCAI-ECG-BP,user_sensei_223,1668437844.482,-415,1924,576
SCAI-ECG-BP,user_sensei_223,1668437844.682,-436,1902,592
SCAI-ECG-BP,user_sensei_223,1668437844.882,-397,1917,604
SCAI-ECG-BP,user_sensei_223,1668437845.082,-344,1906,625
SCAI-ECG-BP,user_sensei_223,1668437845.282,-321,1918,660
SCAI-ECG-BP,user_sensei_223,1668437845.482,-247,1921,639
SCAI-ECG-BP,user_sensei_223,1668437845.682,-233,1958,637
SCAI-ECG-BP,user_sensei_223,1668437845.882,-227,1951,607
SCAI-ECG-BP,user_sensei_223,1668437846.082,-179,1939,628
SCAI-ECG-BP,user_sensei_223,1668437846.282,-190,1923,641
SCAI-ECG-BP,user_sensei_223,1668437846.482,-170,1939,614
SCAI-ECG-BP,user_sensei_223,1668437846.682,-184,1940,647
SCAI-ECG-BP,user_sensei_223,1668437846.882,-214,1896,636
SCAI-ECG-BP,user_sensei_223,1668437847.082,-293,1889,677
SCAI-ECG-BP,user_sensei_223,1668437847.282,-299,1872,666
SCAI-ECG-BP,user_sensei_223,1668437847.482,-412,1878,603
SCAI-ECG-BP,user_sensei_223,1668437847.682,-590,1956,589
SCAI-ECG-BP,user_sensei_223,1668437847.882,-588,1898,547
SCAI-ECG-BP,user_sensei_223,1668437848.082,-566,1875,545
SCAI-ECG-BP,user_sensei_223,1668437848.282,-606,1888,513
SCAI-ECG-BP,user_sensei_223,1668437848.482,-558,1862,397
SCAI-ECG-BP,user_sensei_223,1668437848.682,-263,1964,432
SCAI-ECG-BP,user_sensei_223,1668437848.882,-136,2073,447
SCAI-ECG-BP,user_sensei_223,1668437849.082,-75,2029,419
SCAI-ECG-BP,user_sensei_223,1668437849.282,-195,1985,426
SCAI-ECG-BP,user_sensei_223,1668437849.482,-318,1969,436
SCAI-ECG-BP,user_sensei_223,1668437849.682,-419,1966,427
SCAI-ECG-BP,user_sensei_223,1668437849.882,-429,1942,483
SCAI-ECG-BP,user_sensei_223,1668437850.082,-366,1932,516
SCAI-ECG-BP,user_sensei_223,1668437850.282,-340,1936,522
SCAI-ECG-BP,user_sensei_223,1668437850.482,-326,1940,522
SCAI-ECG-BP,user_sensei_223,1668437850.682,-319,1936,498
SCAI-ECG-BP,user_sensei_223,1668437850.882,-318,1949,483
SCAI-ECG-BP,user_sensei_223,1668437851.082,-311,1961,492
SCAI-ECG-BP,user_sensei_223,1668437851.282,-300,1956,509
SCAI-ECG-BP,user_sensei_223,1668437851.482,-248,1937,507
SCAI-ECG-BP,user_sensei_223,1668437851.682,-275,1978,666
SCAI-ECG-BP,user_sensei_223,1668437851.882,-348,1867,440
SCAI-ECG-BP,user_sensei_223,1668437852.082,-421,1969,378
SCAI-ECG-BP,user_sensei_223,1668437852.282,-400,1980,410
SCAI-ECG-BP,user_sensei_223,1668437852.482,-436,1984,488
SCAI-ECG-BP,user_sensei_223,1668437852.682,-418,1864,560
SCAI-ECG-BP,user_sensei_223,1668437852.882,-479,1920,576
SCAI-ECG-BP,user_sensei_223,1668437853.082,-527,1878,484
SCAI-ECG-BP,user_sensei_223,1668437853.282,-488,1932,454
SCAI-ECG-BP,user_sensei_223,1668437853.482,-447,1911,457
SCAI-ECG-BP,user_sensei_223,1668437853.682,-342,1921,441
SCAI-ECG-BP,user_sensei_223,1668437853.882,-226,1974,446
SCAI-ECG-BP,user_sensei_223,1668437854.082,-223,1983,487
SCAI-ECG-BP,user_sensei_223,1668437854.282,-231,1972,514
SCAI-ECG-BP,user_sensei_223,1668437854.482,-221,1970,497
SCAI-ECG-BP,user_sensei_223,1668437854.682,-199,1957,548
SCAI-ECG-BP,user_sensei_223,1668437854.882,-209,1959,578
SCAI-ECG-BP,user_sensei_223,1668437855.082,-200,1956,558
SCAI-ECG-BP,user_sensei_223,1668437855.282,-213,1970,540
SCAI-ECG-BP,user_sensei_223,1668437855.482,-215,1950,541
SCAI-ECG-BP,user_sensei_223,1668437855.682,-195,1951,518
SCAI-ECG-BP,user_sensei_223,1668437855.882,-233,1976,505
SCAI-ECG-BP,user_sensei_223,1668437856.082,-206,1970,538
SCAI-ECG-BP,user_sensei_223,1668437856.282,-205,1961,537
SCAI-ECG-BP,user_sensei_223,1668437856.482,-207,1956,529
SCAI-ECG-BP,user_sensei_223,1668437856.682,-211,1954,540
SCAI-ECG-BP,user_sensei_223,1668437856.882,-215,1954,531
SCAI-ECG-BP,user_sensei_223,1668437857.082,-247,1961,497
SCAI-ECG-BP,user_sensei_223,1668437857.282,-196,1972,473
SCAI-ECG-BP,user_sensei_223,1668437857.482,-209,1982,509
SCAI-ECG-BP,user_sensei_223,1668437857.682,-266,1956,511
SCAI-ECG-BP,user_sensei_223,1668437857.882,-249,1960,554
SCAI-ECG-BP,user_sensei_223,1668437858.082,-232,1971,502
SCAI-ECG-BP,user_sensei_223,1668437858.282,-225,1979,507
SCAI-ECG-BP,user_sensei_223,1668437858.482,-236,1944,483
SCAI-ECG-BP,user_sensei_223,1668437858.682,-222,1929,492
SCAI-ECG-BP,user_sensei_223,1668437858.882,-231,1968,473
SCAI-ECG-BP,user_sensei_223,1668437859.082,-228,1965,499
SCAI-ECG-BP,user_sensei_223,1668437859.282,-216,1970,497
SCAI-ECG-BP,user_sensei_223,1668437859.482,-221,1962,526
SCAI-ECG-BP,user_sensei_223,1668437859.682,-222,1958,556
SCAI-ECG-BP,user_sensei_223,1668437859.882,-213,1950,534
SCAI-ECG-BP,user_sensei_223,1668437860.082,-199,1949,531
SCAI-ECG-BP,user_sensei_223,1668437860.282,-175,1986,497
SCAI-ECG-BP,user_sensei_223,1668437860.482,-158,2006,481
SCAI-ECG-BP,user_sensei_223,1668437860.682,-156,1982,510
SCAI-ECG-BP,user_sensei_223,1668437860.882,-162,1962,478
SCAI-ECG-BP,user_sensei_223,1668437861.082,-188,1932,489
SCAI-ECG-BP,user_sensei_223,1668437861.282,-227,1971,508
SCAI-ECG-BP,user_sensei_223,1668437861.482,-296,1956,494
SCAI-ECG-BP,user_sensei_223,1668437861.682,-338,1937,484
SCAI-ECG-BP,user_sensei_223,1668437861.882,-401,1943,532
SCAI-ECG-BP,user_sensei_223,1668437862.082,-307,1980,560
SCAI-ECG-BP,user_sensei_223,1668437862.282,-321,1956,536
SCAI-ECG-BP,user_sensei_223,1668437862.482,-277,1968,530
SCAI-ECG-BP,user_sensei_223,1668437862.682,-324,1973,598
SCAI-ECG-BP,user_sensei_223,1668437862.882,-290,1972,506
SCAI-ECG-BP,user_sensei_223,1668437863.082,-274,1978,530
SCAI-ECG-BP,user_sensei_223,1668437863.282,-288,1960,528
SCAI-ECG-BP,user_sensei_223,1668437863.482,-275,1958,509
SCAI-ECG-BP,user_sensei_223,1668437863.682,-276,1969,507
SCAI-ECG-BP,user_sensei_223,1668437863.882,-294,1973,479
SCAI-ECG-BP,user_sensei_223,1668437864.082,-289,1993,474
SCAI-ECG-BP,user_sensei_223,1668437864.282,-290,1954,479
SCAI-ECG-BP,user_sensei_223,1668437864.482,-436,1948,28
SCAI-ECG-BP,user_sensei_223,1668437864.682,-234,1970,435
SCAI-ECG-BP,user_sensei_223,1668437864.882,-311,1989,504
SCAI-ECG-BP,user_sensei_223,1668437865.082,-264,1985,498
SCAI-ECG-BP,user_sensei_223,1668437865.282,-329,1956,526
SCAI-ECG-BP,user_sensei_223,1668437865.482,-252,1997,491
SCAI-ECG-BP,user_sensei_223,1668437865.682,-430,1901,553
SCAI-ECG-BP,user_sensei_223,1668437865.882,-468,1758,626
SCAI-ECG-BP,user_sensei_223,1668437866.082,-259,1890,604
SCAI-ECG-BP,user_sensei_223,1668437866.282,-377,1928,543
SCAI-ECG-BP,user_sensei_223,1668437866.482,-377,1911,569
SCAI-ECG-BP,user_sensei_223,1668437866.682,-360,1937,560
SCAI-ECG-BP,user_sensei_223,1668437866.882,-360,1935,560
SCAI-ECG-BP,user_sensei_223,1668437867.082,-360,1919,542
SCAI-ECG-BP,user_sensei_223,1668437867.282,-340,1935,559
SCAI-ECG-BP,user_sensei_223,1668437867.482,-337,1923,558
SCAI-ECG-BP,user_sensei_223,1668437867.682,-340,1901,579
SCAI-ECG-BP,user_sensei_223,1668437867.882,-318,1945,546
SCAI-ECG-BP,user_sensei_223,1668437868.082,-343,1916,576
SCAI-ECG-BP,user_sensei_223,1668437868.282,-278,1961,533
SCAI-ECG-BP,user_sensei_223,1668437868.482,-370,1894,562
SCAI-ECG-BP,user_sensei_223,1668437868.682,165,1801,460
SCAI-ECG-BP,user_sensei_223,1668437868.882,-296,1975,413
SCAI-ECG-BP,user_sensei_223,1668437869.082,-574,1929,516
SCAI-ECG-BP,user_sensei_223,1668437869.282,-355,1747,626
SCAI-ECG-BP,user_sensei_223,1668437869.482,-392,1673,646
SCAI-ECG-BP,user_sensei_223,1668437869.682,-616,1687,633
SCAI-ECG-BP,user_sensei_223,1668437869.882,-226,2105,683
SCAI-ECG-BP,user_sensei_223,1668437870.082,-390,1907,759
SCAI-ECG-BP,user_sensei_223,1668437870.282,-355,1969,614
SCAI-ECG-BP,user_sensei_223,1668437870.482,-501,1867,523
SCAI-ECG-BP,user_sensei_223,1668437870.682,-324,1806,627
SCAI-ECG-BP,user_sensei_223,1668437870.882,-296,2047,560
SCAI-ECG-BP,user_sensei_223,1668437871.082,-453,1726,560
SCAI-ECG-BP,user_sensei_223,1668437871.282,-456,1956,551
SCAI-ECG-BP,user_sensei_223,1668437871.482,-144,1923,597
SCAI-ECG-BP,user_sensei_223,1668437871.682,-418,1991,603
SCAI-ECG-BP,user_sensei_223,1668437871.882,-367,1909,674
SCAI-ECG-BP,user_sensei_223,1668437872.082,-349,1908,619
SCAI-ECG-BP,user_sensei_223,1668437872.282,-186,1859,682
SCAI-ECG-BP,user_sensei_223,1668437872.482,-312,2058,728
SCAI-ECG-BP,user_sensei_223,1668437872.682,-302,1890,506
SCAI-ECG-BP,user_sensei_223,1668437872.882,-439,1944,570
SCAI-ECG-BP,user_sensei_223,1668437873.082,-318,2088,190
SCAI-ECG-BP,user_sensei_223,1668437873.282,-391,1971,647
SCAI-ECG-BP,user_sensei_223,1668437873.482,-350,1906,623
SCAI-ECG-BP,user_sensei_223,1668437873.682,-356,1923,641
SCAI-ECG-BP,user_sensei_223,1668437873.882,-375,1880,648
SCAI-ECG-BP,user_sensei_223,1668437874.082,-349,1844,635
SCAI-ECG-BP,user_sensei_223,1668437874.282,-318,1892,576
SCAI-ECG-BP,user_sensei_223,1668437874.482,-456,1898,598
SCAI-ECG-BP,user_sensei_223,1668437874.682,-321,1926,644
SCAI-ECG-BP,user_sensei_223,1668437874.882,-421,1918,672
SCAI-ECG-BP,user_sensei_223,1668437875.082,-412,1822,570
SCAI-ECG-BP,user_sensei_223,1668437875.282,-379,1836,709
SCAI-ECG-BP,user_sensei_223,1668437875.482,-325,1911,575
SCAI-ECG-BP,user_sensei_223,1668437875.682,-396,1922,649
SCAI-ECG-BP,user_sensei_223,1668437875.882,-346,1935,626
SCAI-ECG-BP,user_sensei_223,1668437876.082,-414,1911,563
SCAI-ECG-BP,user_sensei_223,1668437876.282,-399,1894,590
SCAI-ECG-BP,user_sensei_223,1668437876.482,-352,1893,653
SCAI-ECG-BP,user_sensei_223,1668437876.682,-405,1923,565
SCAI-ECG-BP,user_sensei_223,1668437876.882,-356,1916,623
SCAI-ECG-BP,user_sensei_223,1668437877.082,-341,1918,648
SCAI-ECG-BP,user_sensei_223,1668437877.282,-299,1886,610
SCAI-ECG-BP,user_sensei_223,1668437877.482,-311,1902,563
SCAI-ECG-BP,user_sensei_223,1668437877.682,-156,2024,334
SCAI-ECG-BP,user_sensei_223,1668437877.882,-75,2031,393
SCAI-ECG-BP,user_sensei_223,1668437878.082,-27,2017,269
SCAI-ECG-BP,user_sensei_223,1668437878.282,-205,1992,273
SCAI-ECG-BP,user_sensei_223,1668437878.482,-576,2155,292
SCAI-ECG-BP,user_sensei_223,1668437878.682,-857,1854,311
SCAI-ECG-BP,user_sensei_223,1668437878.882,-813,1721,297
SCAI-ECG-BP,user_sensei_223,1668437879.082,-704,1860,430
SCAI-ECG-BP,user_sensei_223,1668437879.282,-527,1907,321
SCAI-ECG-BP,user_sensei_223,1668437879.482,-609,1859,325
SCAI-ECG-BP,user_sensei_223,1668437879.682,-531,1964,267
SCAI-ECG-BP,user_sensei_223,1668437879.882,-347,1990,371
SCAI-ECG-BP,user_sensei_223,1668437880.082,-351,2039,371
SCAI-ECG-BP,user_sensei_223,1668437880.282,-558,1668,503
SCAI-ECG-BP,user_sensei_223,1668437880.482,-604,2066,723
SCAI-ECG-BP,user_sensei_223,1668437880.682,-389,1869,703
SCAI-ECG-BP,user_sensei_223,1668437880.882,-424,1810,791
SCAI-ECG-BP,user_sensei_223,1668437881.082,-391,1852,821
SCAI-ECG-BP,user_sensei_223,1668437881.282,-417,1809,842
SCAI-ECG-BP,user_sensei_223,1668437881.482,-376,1843,820
SCAI-ECG-BP,user_sensei_223,1668437881.682,-360,1826,854
SCAI-ECG-BP,user_sensei_223,1668437881.882,-322,1830,864
SCAI-ECG-BP,user_sensei_223,1668437882.082,-318,1816,873
SCAI-ECG-BP,user_sensei_223,1668437882.282,-266,1845,858
SCAI-ECG-BP,user_sensei_223,1668437882.482,-278,1843,864
SCAI-ECG-BP,user_sensei_223,1668437882.682,-283,1840,843
SCAI-ECG-BP,user_sensei_223,1668437882.882,-307,1831,890
SCAI-ECG-BP,user_sensei_223,1668437883.082,-309,1751,977
SCAI-ECG-BP,user_sensei_223,1668437883.282,-479,1868,773
SCAI-ECG-BP,user_sensei_223,1668437883.482,-664,1842,712
SCAI-ECG-BP,user_sensei_223,1668437883.682,-458,1789,670
SCAI-ECG-BP,user_sensei_223,1668437883.882,-734,2029,-756
SCAI-ECG-BP,user_sensei_223,1668437884.082,-140,1659,710
SCAI-ECG-BP,user_sensei_223,1668437884.282,-149,1929,709
SCAI-ECG-BP,user_sensei_223,1668437884.482,-85,1870,728
SCAI-ECG-BP,user_sensei_223,1668437884.682,-70,1810,654
SCAI-ECG-BP,user_sensei_223,1668437884.882,-120,1843,601
SCAI-ECG-BP,user_sensei_223,1668437885.082,-154,1941,636
SCAI-ECG-BP,user_sensei_223,1668437885.282,-515,1820,792
SCAI-ECG-BP,user_sensei_223,1668437885.482,-459,1885,816
SCAI-ECG-BP,user_sensei_223,1668437885.682,-590,1846,614
SCAI-ECG-BP,user_sensei_223,1668437885.882,-702,1902,566
SCAI-ECG-BP,user_sensei_223,1668437886.082,-838,1868,319
SCAI-ECG-BP,user_sensei_223,1668437886.282,-769,1901,521
SCAI-ECG-BP,user_sensei_223,1668437886.482,-765,1817,538
SCAI-ECG-BP,user_sensei_223,1668437886.682,-505,1825,677
SCAI-ECG-BP,user_sensei_223,1668437886.882,-432,1859,737
SCAI-ECG-BP,user_sensei_223,1668437887.082,-395,1876,732
SCAI-ECG-BP,user_sensei_223,1668437887.282,-391,1856,756
SCAI-ECG-BP,user_sensei_223,1668437887.482,-397,1853,748
SCAI-ECG-BP,user_sensei_223,1668437887.682,-467,1881,859
SCAI-ECG-BP,user_sensei_223,1668437887.882,-377,1834,826
SCAI-ECG-BP,user_sensei_223,1668437888.082,-348,1957,759
SCAI-ECG-BP,user_sensei_223,1668437888.282,-360,1763,882
SCAI-ECG-BP,user_sensei_223,1668437888.482,-498,1821,789
SCAI-ECG-BP,user_sensei_223,1668437888.682,-434,1876,725
SCAI-ECG-BP,user_sensei_223,1668437888.882,-450,1872,746
SCAI-ECG-BP,user_sensei_223,1668437889.082,-401,1842,749
SCAI-ECG-BP,user_sensei_223,1668437889.282,-425,1793,721
SCAI-ECG-BP,user_sensei_223,1668437889.482,-483,1920,664
SCAI-ECG-BP,user_sensei_223,1668437889.682,-518,1788,910
SCAI-ECG-BP,user_sensei_223,1668437889.882,-416,1824,675
SCAI-ECG-BP,user_sensei_223,1668437890.082,-374,1847,672
SCAI-ECG-BP,user_sensei_223,1668437890.282,-333,1893,608
SCAI-ECG-BP,user_sensei_223,1668437890.482,-371,1867,588
SCAI-ECG-BP,user_sensei_223,1668437890.682,-347,1909,714
SCAI-ECG-BP,user_sensei_223,1668437890.882,-416,1878,661
SCAI-ECG-BP,user_sensei_223,1668437891.082,-392,1894,677
SCAI-ECG-BP,user_sensei_223,1668437891.282,-422,1873,646
SCAI-ECG-BP,user_sensei_223,1668437891.482,-415,1843,701
SCAI-ECG-BP,user_sensei_223,1668437891.682,-351,1848,733
SCAI-ECG-BP,user_sensei_223,1668437891.882,-285,1856,740
SCAI-ECG-BP,user_sensei_223,1668437892.082,-286,1862,731
SCAI-ECG-BP,user_sensei_223,1668437892.282,-270,1960,753
SCAI-ECG-BP,user_sensei_223,1668437892.482,-220,1914,693
SCAI-ECG-BP,user_sensei_223,1668437892.682,-193,1901,691
SCAI-ECG-BP,user_sensei_223,1668437892.882,-182,1925,704
SCAI-ECG-BP,user_sensei_223,1668437893.082,-139,1935,672
SCAI-ECG-BP,user_sensei_223,1668437893.282,-177,1896,649
SCAI-ECG-BP,user_sensei_223,1668437893.482,-226,1943,681
SCAI-ECG-BP,user_sensei_223,1668437893.682,-245,1913,672
SCAI-ECG-BP,user_sensei_223,1668437893.882,-305,1969,701
SCAI-ECG-BP,user_sensei_223,1668437894.082,-332,1846,726
SCAI-ECG-BP,user_sensei_223,1668437894.282,-357,1831,570
SCAI-ECG-BP,user_sensei_223,1668437894.482,-512,1996,555
SCAI-ECG-BP,user_sensei_223,1668437894.682,-587,1925,471
SCAI-ECG-BP,user_sensei_223,1668437894.882,-515,1878,539
SCAI-ECG-BP,user_sensei_223,1668437895.082,-405,1920,669
SCAI-ECG-BP,user_sensei_223,1668437895.282,-243,1843,654
SCAI-ECG-BP,user_sensei_223,1668437895.482,-244,1934,688
SCAI-ECG-BP,user_sensei_223,1668437895.682,-257,1951,681
SCAI-ECG-BP,user_sensei_223,1668437895.882,-302,1894,661
SCAI-ECG-BP,user_sensei_223,1668437896.082,-336,1929,681
SCAI-ECG-BP,user_sensei_223,1668437896.282,-285,1906,673
SCAI-ECG-BP,user_sensei_223,1668437896.482,-344,1909,644
SCAI-ECG-BP,user_sensei_223,1668437896.682,-338,1911,646
SCAI-ECG-BP,user_sensei_223,1668437896.882,-326,1900,634
SCAI-ECG-BP,user_sensei_223,1668437897.082,-325,1906,634
SCAI-ECG-BP,user_sensei_223,1668437897.282,-329,1915,650
SCAI-ECG-BP,user_sensei_223,1668437897.482,-322,1923,631
SCAI-ECG-BP,user_sensei_223,1668437897.682,-318,1914,617
SCAI-ECG-BP,user_sensei_223,1668437897.882,-317,1925,622
SCAI-ECG-BP,user_sensei_223,1668437898.082,-325,1904,645
SCAI-ECG-BP,user_sensei_223,1668437898.282,-316,1909,634
SCAI-ECG-BP,user_sensei_223,1668437898.482,-306,1915,654
SCAI-ECG-BP,user_sensei_223,1668437898.682,-331,1900,633
SCAI-ECG-BP,user_sensei_223,1668437898.882,-321,1911,648
SCAI-ECG-BP,user_sensei_223,1668437899.082,-319,1893,650
SCAI-ECG-BP,user_sensei_223,1668437899.282,-340,1913,668
SCAI-ECG-BP,user_sensei_223,1668437899.482,-317,1911,643
SCAI-ECG-BP,user_sensei_223,1668437899.682,-310,1906,624
SCAI-ECG-BP,user_sensei_223,1668437899.882,-340,1924,662
SCAI-ECG-BP,user_sensei_223,1668437900.082,-317,1924,597
SCAI-ECG-BP,user_sensei_223,1668437900.282,-287,1918,627
SCAI-ECG-BP,user_sensei_223,1668437900.482,-297,1924,634
SCAI-ECG-BP,user_sensei_223,1668437900.682,-295,1910,607
SCAI-ECG-BP,user_sensei_223,1668437900.882,-297,1916,635
SCAI-ECG-BP,user_sensei_223,1668437901.082,-299,1902,659
SCAI-ECG-BP,user_sensei_223,1668437901.282,-301,1906,682
SCAI-ECG-BP,user_sensei_223,1668437901.482,-299,1874,670
SCAI-ECG-BP,user_sensei_223,1668437901.682,-329,1889,698
SCAI-ECG-BP,user_sensei_223,1668437901.882,-387,1877,711
SCAI-ECG-BP,user_sensei_223,1668437902.082,-421,1851,720
SCAI-ECG-BP,user_sensei_223,1668437902.282,-505,1841,744
SCAI-ECG-BP,user_sensei_223,1668437902.482,-534,1843,714
SCAI-ECG-BP,user_sensei_223,1668437902.682,-516,1862,675
SCAI-ECG-BP,user_sensei_223,1668437902.882,-553,1840,643
SCAI-ECG-BP,user_sensei_223,1668437903.082,-532,1868,689
SCAI-ECG-BP,user_sensei_223,1668437903.282,-502,1849,698
SCAI-ECG-BP,user_sensei_223,1668437903.482,-448,1850,672
SCAI-ECG-BP,user_sensei_223,1668437903.682,-366,1868,729
SCAI-ECG-BP,user_sensei_223,1668437903.882,-360,1855,800
SCAI-ECG-BP,user_sensei_223,1668437904.082,-360,1837,760
SCAI-ECG-BP,user_sensei_223,1668437904.282,-369,1840,736
SCAI-ECG-BP,user_sensei_223,1668437904.482,-371,1853,726
SCAI-ECG-BP,user_sensei_223,1668437904.682,-403,1874,751
SCAI-ECG-BP,user_sensei_223,1668437904.882,-448,1851,785
SCAI-ECG-BP,user_sensei_223,1668437905.082,-473,1855,764
SCAI-ECG-BP,user_sensei_223,1668437905.282,-460,1850,762
SCAI-ECG-BP,user_sensei_223,1668437905.482,-461,1851,763
SCAI-ECG-BP,user_sensei_223,1668437905.682,-502,1827,767
SCAI-ECG-BP,user_sensei_223,1668437905.882,-462,1812,764
SCAI-ECG-BP,user_sensei_223,1668437906.082,-384,1849,775
SCAI-ECG-BP,user_sensei_223,1668437906.282,-352,1783,874
SCAI-ECG-BP,user_sensei_223,1668437906.482,-219,1860,856
SCAI-ECG-BP,user_sensei_223,1668437906.682,-255,1835,864
SCAI-ECG-BP,user_sensei_223,1668437906.882,-254,1865,764
SCAI-ECG-BP,user_sensei_223,1668437907.082,-317,1863,724
SCAI-ECG-BP,user_sensei_223,1668437907.282,-249,1775,777
SCAI-ECG-BP,user_sensei_223,1668437907.482,-233,1890,842
SCAI-ECG-BP,user_sensei_223,1668437907.682,-204,1975,851
SCAI-ECG-BP,user_sensei_223,1668437907.882,-204,1903,820
SCAI-ECG-BP,user_sensei_223,1668437908.082,-209,1919,834
SCAI-ECG-BP,user_sensei_223,1668437908.282,-160,1901,787
SCAI-ECG-BP,user_sensei_223,1668437908.482,-280,1834,846
SCAI-ECG-BP,user_sensei_223,1668437908.682,-476,1910,863
SCAI-ECG-BP,user_sensei_223,1668437908.882,-567,1791,805
SCAI-ECG-BP,user_sensei_223,1668437909.082,-437,1786,781
SCAI-ECG-BP,user_sensei_223,1668437909.282,-133,2012,964
SCAI-ECG-BP,user_sensei_223,1668437909.482,-35,1751,854
SCAI-ECG-BP,user_sensei_223,1668437909.682,-73,1826,884
SCAI-ECG-BP,user_sensei_223,1668437909.882,-265,1763,797
SCAI-ECG-BP,user_sensei_223,1668437910.082,-452,1890,692
SCAI-ECG-BP,user_sensei_223,1668437910.282,-496,1908,639
SCAI-ECG-BP,user_sensei_223,1668437910.482,-390,1903,664
SCAI-ECG-BP,user_sensei_223,1668437910.682,-364,1938,707
SCAI-ECG-BP,user_sensei_223,1668437910.882,-312,1913,669
SCAI-ECG-BP,user_sensei_223,1668437911.082,-362,1940,694
SCAI-ECG-BP,user_sensei_223,1668437911.282,-425,1949,562
SCAI-ECG-BP,user_sensei_223,1668437911.482,-452,1899,550
SCAI-ECG-BP,user_sensei_223,1668437911.682,-478,1896,581
SCAI-ECG-BP,user_sensei_223,1668437911.882,-474,1919,541
SCAI-ECG-BP,user_sensei_223,1668437912.082,-488,1902,548
SCAI-ECG-BP,user_sensei_223,1668437912.282,-473,1901,553
SCAI-ECG-BP,user_sensei_223,1668437912.482,-454,1882,558
SCAI-ECG-BP,user_sensei_223,1668437912.682,-449,1913,555
SCAI-ECG-BP,user_sensei_223,1668437912.882,-439,1907,549
SCAI-ECG-BP,user_sensei_223,1668437913.082,-466,1909,544
SCAI-ECG-BP,user_sensei_223,1668437913.282,-459,1901,590
SCAI-ECG-BP,user_sensei_223,1668437913.482,-512,1814,610
SCAI-ECG-BP,user_sensei_223,1668437913.682,-596,1970,446
SCAI-ECG-BP,user_sensei_223,1668437913.882,-597,1909,408
SCAI-ECG-BP,user_sensei_223,1668437914.082,-513,1924,381
SCAI-ECG-BP,user_sensei_223,1668437914.282,-482,1970,395
SCAI-ECG-BP,user_sensei_223,1668437914.482,-454,1951,451
SCAI-ECG-BP,user_sensei_223,1668437914.682,-295,1985,544
SCAI-ECG-BP,user_sensei_223,1668437914.882,-291,1833,697
SCAI-ECG-BP,user_sensei_223,1668437915.082,-405,1974,662
SCAI-ECG-BP,user_sensei_223,1668437915.282,-397,1872,699
SCAI-ECG-BP,user_sensei_223,1668437915.482,-346,1890,651
SCAI-ECG-BP,user_sensei_223,1668437915.682,-380,1906,613
SCAI-ECG-BP,user_sensei_223,1668437915.882,-376,1898,624
SCAI-ECG-BP,user_sensei_223,1668437916.082,-431,1897,639
SCAI-ECG-BP,user_sensei_223,1668437916.282,-409,1884,628
SCAI-ECG-BP,user_sensei_223,1668437916.482,-426,1899,690
SCAI-ECG-BP,user_sensei_223,1668437916.682,-392,1855,702
SCAI-ECG-BP,user_sensei_223,1668437916.882,-395,1857,723
SCAI-ECG-BP,user_sensei_223,1668437917.082,-379,1862,715
SCAI-ECG-BP,user_sensei_223,1668437917.282,-401,1864,701
SCAI-ECG-BP,user_sensei_223,1668437917.482,-401,1865,724
SCAI-ECG-BP,user_sensei_223,1668437917.682,-410,1869,720
SCAI-ECG-BP,user_sensei_223,1668437917.882,-399,1868,715
SCAI-ECG-BP,user_sensei_223,1668437918.082,-428,1884,718
SCAI-ECG-BP,user_sensei_223,1668437918.282,-389,1871,706
SCAI-ECG-BP,user_sensei_223,1668437918.482,-265,1840,833
SCAI-ECG-BP,user_sensei_223,1668437918.682,-137,1897,768
SCAI-ECG-BP,user_sensei_223,1668437918.882,-233,1861,823
SCAI-ECG-BP,user_sensei_223,1668437919.082,-207,1905,748
SCAI-ECG-BP,user_sensei_223,1668437919.282,-251,1894,717
SCAI-ECG-BP,user_sensei_223,1668437919.482,-148,1896,755
SCAI-ECG-BP,user_sensei_223,1668437919.682,-135,1857,832
SCAI-ECG-BP,user_sensei_223,1668437919.882,-71,1795,814
SCAI-ECG-BP,user_sensei_223,1668437920.082,-145,1879,869
SCAI-ECG-BP,user_sensei_223,1668437920.282,-93,1872,874
SCAI-ECG-BP,user_sensei_223,1668437920.482,26,1805,960
SCAI-ECG-BP,user_sensei_223,1668437920.682,-320,2289,792
SCAI-ECG-BP,user_sensei_223,1668437920.882,-443,1828,672
SCAI-ECG-BP,user_sensei_223,1668437921.082,-434,1897,693
SCAI-ECG-BP,user_sensei_223,1668437921.282,-387,1865,736
SCAI-ECG-BP,user_sensei_223,1668437921.482,-373,1851,747
SCAI-ECG-BP,user_sensei_223,1668437921.682,-433,1907,712
SCAI-ECG-BP,user_sensei_223,1668437921.882,-188,1698,885
SCAI-ECG-BP,user_sensei_223,1668437922.082,-95,1953,734
SCAI-ECG-BP,user_sensei_223,1668437922.282,-257,1888,846
SCAI-ECG-BP,user_sensei_223,1668437922.482,-191,1929,759
SCAI-ECG-BP,user_sensei_223,1668437922.682,-130,1861,797
SCAI-ECG-BP,user_sensei_223,1668437922.882,-63,1860,828
SCAI-ECG-BP,user_sensei_223,1668437923.082,-78,1835,806
SCAI-ECG-BP,user_sensei_223,1668437923.282,-135,1898,799
SCAI-ECG-BP,user_sensei_223,1668437923.482,-69,1878,749
SCAI-ECG-BP,user_sensei_223,1668437923.682,-232,1925,666
SCAI-ECG-BP,user_sensei_223,1668437923.882,-305,1870,625
SCAI-ECG-BP,user_sensei_223,1668437924.082,-306,1921,657
SCAI-ECG-BP,user_sensei_223,1668437924.282,-277,1906,660
SCAI-ECG-BP,user_sensei_223,1668437924.482,-282,1916,663
SCAI-ECG-BP,user_sensei_223,1668437924.682,-283,1914,664
SCAI-ECG-BP,user_sensei_223,1668437924.882,-282,1914,658
SCAI-ECG-BP,user_sensei_223,1668437925.082,-341,1890,670
SCAI-ECG-BP,user_sensei_223,1668437925.282,-248,1916,645
SCAI-ECG-BP,user_sensei_223,1668437925.482,-282,1915,628
SCAI-ECG-BP,user_sensei_223,1668437925.682,-246,1932,633
SCAI-ECG-BP,user_sensei_223,1668437925.882,-277,1935,598
SCAI-ECG-BP,user_sensei_223,1668437926.082,-444,1865,624
SCAI-ECG-BP,user_sensei_223,1668437926.282,-452,1875,687
SCAI-ECG-BP,user_sensei_223,1668437926.482,-443,1869,658
SCAI-ECG-BP,user_sensei_223,1668437926.682,-450,1834,667
SCAI-ECG-BP,user_sensei_223,1668437926.882,-388,1877,709
SCAI-ECG-BP,user_sensei_223,1668437927.082,-287,1904,721
SCAI-ECG-BP,user_sensei_223,1668437927.282,-253,1943,722
SCAI-ECG-BP,user_sensei_223,1668437927.482,-226,1936,698
SCAI-ECG-BP,user_sensei_223,1668437927.682,-186,1919,690
SCAI-ECG-BP,user_sensei_223,1668437927.882,-162,1917,635
SCAI-ECG-BP,user_sensei_223,1668437928.082,-172,1977,546
SCAI-ECG-BP,user_sensei_223,1668437928.282,-184,1961,517
SCAI-ECG-BP,user_sensei_223,1668437928.482,-259,1994,502
SCAI-ECG-BP,user_sensei_223,1668437928.682,-356,1849,532
SCAI-ECG-BP,user_sensei_223,1668437928.882,-732,1910,749
SCAI-ECG-BP,user_sensei_223,1668437929.082,-678,1809,664
SCAI-ECG-BP,user_sensei_223,1668437929.282,-624,1819,608
SCAI-ECG-BP,user_sensei_223,1668437929.482,-557,1813,569
SCAI-ECG-BP,user_sensei_223,1668437929.682,-516,1799,518
SCAI-ECG-BP,user_sensei_223,1668437929.882,-414,1837,606
SCAI-ECG-BP,user_sensei_223,1668437930.082,-417,1886,601
SCAI-ECG-BP,user_sensei_223,1668437930.282,-400,1931,593
SCAI-ECG-BP,user_sensei_223,1668437930.482,-387,1958,591
SCAI-ECG-BP,user_sensei_223,1668437930.682,-426,1897,535
SCAI-ECG-BP,user_sensei_223,1668437930.882,-499,1845,624
SCAI-ECG-BP,user_sensei_223,1668437931.082,-534,1940,534
SCAI-ECG-BP,user_sensei_223,1668437931.282,-544,1948,448
SCAI-ECG-BP,user_sensei_223,1668437931.482,-542,1875,548
SCAI-ECG-BP,user_sensei_223,1668437931.682,-539,1850,650
SCAI-ECG-BP,user_sensei_223,1668437931.882,-539,1855,636
SCAI-ECG-BP,user_sensei_223,1668437932.082,-530,1896,598
SCAI-ECG-BP,user_sensei_223,1668437932.282,-478,1888,494
SCAI-ECG-BP,user_sensei_223,1668437932.482,-512,1878,598
SCAI-ECG-BP,user_sensei_223,1668437932.682,-579,1873,647
SCAI-ECG-BP,user_sensei_223,1668437932.882,-520,1866,640
SCAI-ECG-BP,user_sensei_223,1668437933.082,-506,1877,598
SCAI-ECG-BP,user_sensei_223,1668437933.282,-528,1867,586
SCAI-ECG-BP,user_sensei_223,1668437933.482,-571,1890,564
SCAI-ECG-BP,user_sensei_223,1668437933.682,-491,1879,644
SCAI-ECG-BP,user_sensei_223,1668437933.882,-484,1882,668
SCAI-ECG-BP,user_sensei_223,1668437934.082,-482,1881,685
SCAI-ECG-BP,user_sensei_223,1668437934.282,-459,1856,684
SCAI-ECG-BP,user_sensei_223,1668437934.482,-457,1858,672
SCAI-ECG-BP,user_sensei_223,1668437934.682,-476,1850,668
SCAI-ECG-BP,user_sensei_223,1668437934.882,-473,1852,683
SCAI-ECG-BP,user_sensei_223,1668437935.082,-424,1863,663
SCAI-ECG-BP,user_sensei_223,1668437935.282,-498,1861,634
SCAI-ECG-BP,user_sensei_223,1668437935.482,-480,1853,619
SCAI-ECG-BP,user_sensei_223,1668437935.682,-440,1948,530
SCAI-ECG-BP,user_sensei_223,1668437935.882,-356,1874,516
SCAI-ECG-BP,user_sensei_223,1668437936.082,-374,1885,577
SCAI-ECG-BP,user_sensei_223,1668437936.282,-369,1982,575
SCAI-ECG-BP,user_sensei_223,1668437936.482,-356,1936,551
SCAI-ECG-BP,user_sensei_223,1668437936.682,-345,1965,566
SCAI-ECG-BP,user_sensei_223,1668437936.882,-344,1943,566
SCAI-ECG-BP,user_sensei_223,1668437937.082,-309,1945,560
SCAI-ECG-BP,user_sensei_223,1668437937.282,-309,1946,577
SCAI-ECG-BP,user_sensei_223,1668437937.482,-309,1902,564
SCAI-ECG-BP,user_sensei_223,1668437937.682,-364,1958,661
SCAI-ECG-BP,user_sensei_223,1668437937.882,-343,1871,637
SCAI-ECG-BP,user_sensei_223,1668437938.082,-414,1896,648
SCAI-ECG-BP,user_sensei_223,1668437938.282,-401,1923,572
SCAI-ECG-BP,user_sensei_223,1668437938.482,-400,1904,476
SCAI-ECG-BP,user_sensei_223,1668437938.682,-416,1936,506
SCAI-ECG-BP,user_sensei_223,1668437938.882,-405,2000,523
SCAI-ECG-BP,user_sensei_223,1668437939.082,-282,1961,485
SCAI-ECG-BP,user_sensei_223,1668437939.282,-184,1937,403
SCAI-ECG-BP,user_sensei_223,1668437939.482,22,2014,333
SCAI-ECG-BP,user_sensei_223,1668437939.682,105,1951,349
SCAI-ECG-BP,user_sensei_223,1668437939.882,137,2007,394
SCAI-ECG-BP,user_sensei_223,1668437940.082,-89,1989,433
SCAI-ECG-BP,user_sensei_223,1668437940.282,-192,1922,460
SCAI-ECG-BP,user_sensei_223,1668437940.482,-166,1969,546
SCAI-ECG-BP,user_sensei_223,1668437940.682,-137,1969,555
SCAI-ECG-BP,user_sensei_223,1668437940.882,-148,1911,534
SCAI-ECG-BP,user_sensei_223,1668437941.082,-161,1966,539
SCAI-ECG-BP,user_sensei_223,1668437941.282,-181,1976,533
SCAI-ECG-BP,user_sensei_223,1668437941.482,-166,1953,519
SCAI-ECG-BP,user_sensei_223,1668437941.682,-170,1971,540
SCAI-ECG-BP,user_sensei_223,1668437941.882,-180,1959,562
SCAI-ECG-BP,user_sensei_223,1668437942.082,-175,1964,550
SCAI-ECG-BP,user_sensei_223,1668437942.282,-171,1950,560
SCAI-ECG-BP,user_sensei_223,1668437942.482,-174,1959,551
SCAI-ECG-BP,user_sensei_223,1668437942.682,-174,1970,553
SCAI-ECG-BP,user_sensei_223,1668437942.882,-178,1951,561
SCAI-ECG-BP,user_sensei_223,1668437943.082,-172,1958,555
SCAI-ECG-BP,user_sensei_223,1668437943.282,-161,1967,534
SCAI-ECG-BP,user_sensei_223,1668437943.482,-155,1962,549
SCAI-ECG-BP,user_sensei_223,1668437943.682,-162,1972,544
SCAI-ECG-BP,user_sensei_223,1668437943.882,-165,1971,541
SCAI-ECG-BP,user_sensei_223,1668437944.082,-161,1973,555
SCAI-ECG-BP,user_sensei_223,1668437944.282,-175,1961,550
SCAI-ECG-BP,user_sensei_223,1668437944.482,-162,1973,539
SCAI-ECG-BP,user_sensei_223,1668437944.682,-166,1956,537
SCAI-ECG-BP,user_sensei_223,1668437944.882,-166,1953,530
SCAI-ECG-BP,user_sensei_223,1668437945.082,-174,1957,543
SCAI-ECG-BP,user_sensei_223,1668437945.282,-164,1972,534
SCAI-ECG-BP,user_sensei_223,1668437945.482,-164,1967,539
SCAI-ECG-BP,user_sensei_223,1668437945.682,-161,1961,552
SCAI-ECG-BP,user_sensei_223,1668437945.882,-172,1956,567
SCAI-ECG-BP,user_sensei_223,1668437946.082,-159,1964,540
SCAI-ECG-BP,user_sensei_223,1668437946.282,-157,1975,536
SCAI-ECG-BP,user_sensei_223,1668437946.482,-160,1962,548
SCAI-ECG-BP,user_sensei_223,1668437946.682,-157,1974,522
SCAI-ECG-BP,user_sensei_223,1668437946.882,-154,1969,542
SCAI-ECG-BP,user_sensei_223,1668437947.082,-151,1971,524
SCAI-ECG-BP,user_sensei_223,1668437947.282,-160,1967,524
SCAI-ECG-BP,user_sensei_223,1668437947.482,-164,1968,534
SCAI-ECG-BP,user_sensei_223,1668437947.682,-150,1975,517
SCAI-ECG-BP,user_sensei_223,1668437947.882,-156,1971,521
SCAI-ECG-BP,user_sensei_223,1668437948.082,-157,1969,508
SCAI-ECG-BP,user_sensei_223,1668437948.282,-152,1969,520
SCAI-ECG-BP,user_sensei_223,1668437948.482,-155,1963,532
SCAI-ECG-BP,user_sensei_223,1668437948.682,-158,1961,537
SCAI-ECG-BP,user_sensei_223,1668437948.882,-158,1963,543
SCAI-ECG-BP,user_sensei_223,1668437949.082,-149,1963,528
SCAI-ECG-BP,user_sensei_223,1668437949.282,-155,1957,554
SCAI-ECG-BP,user_sensei_223,1668437949.482,-157,1961,547
SCAI-ECG-BP,user_sensei_223,1668437949.682,-160,1954,557
SCAI-ECG-BP,user_sensei_223,1668437949.882,-159,1960,538
SCAI-ECG-BP,user_sensei_223,1668437950.082,-155,1968,560
SCAI-ECG-BP,user_sensei_223,1668437950.282,-149,1957,549
SCAI-ECG-BP,user_sensei_223,1668437950.482,-154,1967,558
SCAI-ECG-BP,user_sensei_223,1668437950.682,-144,1980,528
SCAI-ECG-BP,user_sensei_223,1668437950.882,-147,1972,540
SCAI-ECG-BP,user_sensei_223,1668437951.082,-144,1962,534
SCAI-ECG-BP,user_sensei_223,1668437951.282,-160,1967,556
SCAI-ECG-BP,user_sensei_223,1668437951.482,-150,1957,547
SCAI-ECG-BP,user_sensei_223,1668437951.682,-148,1953,562
SCAI-ECG-BP,user_sensei_223,1668437951.882,-146,1958,550
SCAI-ECG-BP,user_sensei_223,1668437952.082,-153,1958,571
SCAI-ECG-BP,user_sensei_223,1668437952.282,-157,1960,546
SCAI-ECG-BP,user_sensei_223,1668437952.482,-162,1962,556
SCAI-ECG-BP,user_sensei_223,1668437952.682,-153,1964,553
SCAI-ECG-BP,user_sensei_223,1668437952.882,-158,1967,552
SCAI-ECG-BP,user_sensei_223,1668437953.082,-155,1965,529
SCAI-ECG-BP,user_sensei_223,1668437953.282,-124,1957,601
SCAI-ECG-BP,user_sensei_223,1668437953.482,-125,1907,445
SCAI-ECG-BP,user_sensei_223,1668437953.682,-171,1959,584
SCAI-ECG-BP,user_sensei_223,1668437953.882,-44,1960,614
SCAI-ECG-BP,user_sensei_223,1668437954.082,-151,2000,523
SCAI-ECG-BP,user_sensei_223,1668437954.282,-59,1948,607
SCAI-ECG-BP,user_sensei_223,1668437954.482,-61,1973,553
SCAI-ECG-BP,user_sensei_223,1668437954.682,-155,1968,528
SCAI-ECG-BP,user_sensei_223,1668437954.882,-8,1996,511
SCAI-ECG-BP,user_sensei_223,1668437955.082,-112,1975,511
SCAI-ECG-BP,user_sensei_223,1668437955.282,-73,2024,488
SCAI-ECG-BP,user_sensei_223,1668437955.482,-143,1976,525
SCAI-ECG-BP,user_sensei_223,1668437955.682,-136,1954,546
SCAI-ECG-BP,user_sensei_223,1668437955.882,-131,1934,590
SCAI-ECG-BP,user_sensei_223,1668437956.082,-52,1935,665
SCAI-ECG-BP,user_sensei_223,1668437956.282,-35,1960,603
SCAI-ECG-BP,user_sensei_223,1668437956.482,-70,1944,611
SCAI-ECG-BP,user_sensei_223,1668437956.682,-83,1946,617
SCAI-ECG-BP,user_sensei_223,1668437956.882,-100,1949,623
SCAI-ECG-BP,user_sensei_223,1668437957.082,-96,1947,634
SCAI-ECG-BP,user_sensei_223,1668437957.282,-99,1938,632
SCAI-ECG-BP,user_sensei_223,1668437957.482,-82,1949,602
SCAI-ECG-BP,user_sensei_223,1668437957.682,-71,1957,626
SCAI-ECG-BP,user_sensei_223,1668437957.882,-76,1918,662
SCAI-ECG-BP,user_sensei_223,1668437958.082,-88,1911,634
SCAI-ECG-BP,user_sensei_223,1668437958.282,-95,1963,606
SCAI-ECG-BP,user_sensei_223,1668437958.482,-99,1963,602
SCAI-ECG-BP,user_sensei_223,1668437958.682,-85,1946,585
SCAI-ECG-BP,user_sensei_223,1668437958.882,-101,1941,587
SCAI-ECG-BP,user_sensei_223,1668437959.082,-100,1947,595
SCAI-ECG-BP,user_sensei_223,1668437959.282,-95,1950,606
SCAI-ECG-BP,user_sensei_223,1668437959.482,-103,1960,609
SCAI-ECG-BP,user_sensei_223,1668437959.682,-93,1949,622
SCAI-ECG-BP,user_sensei_223,1668437959.882,-96,1934,620
SCAI-ECG-BP,user_sensei_223,1668437960.082,-108,1938,635
SCAI-ECG-BP,user_sensei_223,1668437960.282,-88,1946,622
SCAI-ECG-BP,user_sensei_223,1668437960.482,-87,1948,642
SCAI-ECG-BP,user_sensei_223,1668437960.682,-90,1959,614
SCAI-ECG-BP,user_sensei_223,1668437960.882,-77,1936,636
SCAI-ECG-BP,user_sensei_223,1668437961.082,-74,1944,621
SCAI-ECG-BP,user_sensei_223,1668437961.282,-76,1948,640
SCAI-ECG-BP,user_sensei_223,1668437961.482,-79,1934,649
SCAI-ECG-BP,user_sensei_223,1668437961.682,-87,1939,670
SCAI-ECG-BP,user_sensei_223,1668437961.882,-94,1941,669
SCAI-ECG-BP,user_sensei_223,1668437962.082,-118,1921,700
SCAI-ECG-BP,user_sensei_223,1668437962.282,-115,1925,720
SCAI-ECG-BP,user_sensei_223,1668437962.482,-92,1909,705
SCAI-ECG-BP,user_sensei_223,1668437962.682,-72,1924,686
SCAI-ECG-BP,user_sensei_223,1668437962.882,-84,1923,684
SCAI-ECG-BP,user_sensei_223,1668437963.082,-105,1935,670
SCAI-ECG-BP,user_sensei_223,1668437963.282,-109,1950,655
SCAI-ECG-BP,user_sensei_223,1668437963.482,-132,1934,630
SCAI-ECG-BP,user_sensei_223,1668437963.682,-113,1942,659
SCAI-ECG-BP,user_sensei_223,1668437963.882,-105,1935,670
SCAI-ECG-BP,user_sensei_223,1668437964.082,-99,1933,714
SCAI-ECG-BP,user_sensei_223,1668437964.282,-30,1895,690
SCAI-ECG-BP,user_sensei_223,1668437964.482,-12,1905,720
SCAI-ECG-BP,user_sensei_223,1668437964.682,67,1912,665
SCAI-ECG-BP,user_sensei_223,1668437964.882,127,1955,558
SCAI-ECG-BP,user_sensei_223,1668437965.082,129,2007,486
SCAI-ECG-BP,user_sensei_223,1668437965.282,73,1987,471
SCAI-ECG-BP,user_sensei_223,1668437965.482,-63,1958,491
SCAI-ECG-BP,user_sensei_223,1668437965.682,-263,1925,519
SCAI-ECG-BP,user_sensei_223,1668437965.882,-606,2045,571
SCAI-ECG-BP,user_sensei_223,1668437966.082,-633,1894,469
SCAI-ECG-BP,user_sensei_223,1668437966.282,-579,1897,451
SCAI-ECG-BP,user_sensei_223,1668437966.482,-531,1974,518
SCAI-ECG-BP,user_sensei_223,1668437966.682,-297,1870,534
SCAI-ECG-BP,user_sensei_223,1668437966.882,-162,1896,565
SCAI-ECG-BP,user_sensei_223,1668437967.082,52,2001,613
SCAI-ECG-BP,user_sensei_223,1668437967.282,82,1988,597
SCAI-ECG-BP,user_sensei_223,1668437967.482,102,1961,590
SCAI-ECG-BP,user_sensei_223,1668437967.682,-74,1908,643
SCAI-ECG-BP,user_sensei_223,1668437967.882,-116,1896,747
SCAI-ECG-BP,user_sensei_223,1668437968.082,-178,1946,710
SCAI-ECG-BP,user_sensei_223,1668437968.282,-173,1906,689
SCAI-ECG-BP,user_sensei_223,1668437968.482,-147,1963,639
SCAI-ECG-BP,user_sensei_223,1668437968.682,-116,1965,609
SCAI-ECG-BP,user_sensei_223,1668437968.882,-154,1936,673
SCAI-ECG-BP,user_sensei_223,1668437969.082,-177,1910,686
SCAI-ECG-BP,user_sensei_223,1668437969.282,-120,1959,623
SCAI-ECG-BP,user_sensei_223,1668437969.482,-35,1940,633
SCAI-ECG-BP,user_sensei_223,1668437969.682,-78,2007,654
SCAI-ECG-BP,user_sensei_223,1668437969.882,-46,1897,579
SCAI-ECG-BP,user_sensei_223,1668437970.082,-111,1936,636
SCAI-ECG-BP,user_sensei_223,1668437970.282,-74,1938,604
SCAI-ECG-BP,user_sensei_223,1668437970.482,-110,1957,609
SCAI-ECG-BP,user_sensei_223,1668437970.682,-136,1970,581
SCAI-ECG-BP,user_sensei_223,1668437970.882,-105,1968,544
SCAI-ECG-BP,user_sensei_223,1668437971.082,-121,1997,573
SCAI-ECG-BP,user_sensei_223,1668437971.282,-92,1880,540
SCAI-ECG-BP,user_sensei_223,1668437971.482,-133,1958,627
SCAI-ECG-BP,user_sensei_223,1668437971.682,-110,1882,643
SCAI-ECG-BP,user_sensei_223,1668437971.882,-107,1907,680
SCAI-ECG-BP,user_sensei_223,1668437972.082,-96,1891,697
SCAI-ECG-BP,user_sensei_223,1668437972.282,-96,1951,655
SCAI-ECG-BP,user_sensei_223,1668437972.482,-291,1859,714
SCAI-ECG-BP,user_sensei_223,1668437972.682,-336,2642,719
SCAI-ECG-BP,user_sensei_223,1668437972.882,-96,1901,593
SCAI-ECG-BP,user_sensei_223,1668437973.082,-246,2030,736
SCAI-ECG-BP,user_sensei_223,1668437973.282,-109,2034,508
SCAI-ECG-BP,user_sensei_223,1668437973.482,-9,1938,509
SCAI-ECG-BP,user_sensei_223,1668437973.682,-134,2131,417
SCAI-ECG-BP,user_sensei_223,1668437973.882,-132,1209,642
SCAI-ECG-BP,user_sensei_223,1668437974.082,-108,1998,470
SCAI-ECG-BP,user_sensei_223,1668437974.282,-193,1788,579
SCAI-ECG-BP,user_sensei_223,1668437974.482,-326,2019,575
SCAI-ECG-BP,user_sensei_223,1668437974.682,-21,2092,543
SCAI-ECG-BP,user_sensei_223,1668437974.882,-136,1903,581
SCAI-ECG-BP,user_sensei_223,1668437975.082,-272,1990,658
SCAI-ECG-BP,user_sensei_223,1668437975.282,-167,2051,644
SCAI-ECG-BP,user_sensei_223,1668437975.482,-198,2007,662
SCAI-ECG-BP,user_sensei_223,1668437975.682,-369,2358,641
SCAI-ECG-BP,user_sensei_223,1668437975.882,-277,1835,620
SCAI-ECG-BP,user_sensei_223,1668437976.082,-209,1907,646
SCAI-ECG-BP,user_sensei_223,1668437976.282,-133,2000,601
SCAI-ECG-BP,user_sensei_223,1668437976.482,-129,1998,634
SCAI-ECG-BP,user_sensei_223,1668437976.682,-184,1900,557
SCAI-ECG-BP,user_sensei_223,1668437976.882,-138,1919,538
SCAI-ECG-BP,user_sensei_223,1668437977.082,12,1834,592
SCAI-ECG-BP,user_sensei_223,1668437977.282,-134,1869,661
SCAI-ECG-BP,user_sensei_223,1668437977.482,-197,2184,620
SCAI-ECG-BP,user_sensei_223,1668437977.682,-28,1958,703
SCAI-ECG-BP,user_sensei_223,1668437977.882,-284,1985,655
SCAI-ECG-BP,user_sensei_223,1668437978.082,-223,1879,635
SCAI-ECG-BP,user_sensei_223,1668437978.282,-117,1879,646
SCAI-ECG-BP,user_sensei_223,1668437978.482,-128,2004,584
SCAI-ECG-BP,user_sensei_223,1668437978.682,-143,1927,620
SCAI-ECG-BP,user_sensei_223,1668437978.882,-168,1906,609
SCAI-ECG-BP,user_sensei_223,1668437979.082,-148,1897,625
SCAI-ECG-BP,user_sensei_223,1668437979.282,-122,1914,618
SCAI-ECG-BP,user_sensei_223,1668437979.482,-162,1884,613
SCAI-ECG-BP,user_sensei_223,1668437979.682,-152,1937,626
SCAI-ECG-BP,user_sensei_223,1668437979.882,-173,1950,609
SCAI-ECG-BP,user_sensei_223,1668437980.082,-211,1931,622
SCAI-ECG-BP,user_sensei_223,1668437980.282,-106,2119,624
SCAI-ECG-BP,user_sensei_223,1668437980.482,-127,1955,486
SCAI-ECG-BP,user_sensei_223,1668437980.682,-249,1892,587
SCAI-ECG-BP,user_sensei_223,1668437980.882,-213,1953,606
SCAI-ECG-BP,user_sensei_223,1668437981.082,-191,1952,559
SCAI-ECG-BP,user_sensei_223,1668437981.282,-201,1955,581
SCAI-ECG-BP,user_sensei_223,1668437981.482,-211,1889,596
SCAI-ECG-BP,user_sensei_223,1668437981.682,-224,2025,561
SCAI-ECG-BP,user_sensei_223,1668437981.882,-199,1931,580
SCAI-ECG-BP,user_sensei_223,1668437982.082,-135,2049,515
SCAI-ECG-BP,user_sensei_223,1668437982.282,-140,1977,462
SCAI-ECG-BP,user_sensei_223,1668437982.482,-169,1876,545
SCAI-ECG-BP,user_sensei_223,1668437982.682,-251,1983,554
SCAI-ECG-BP,user_sensei_223,1668437982.882,-267,2028,513
SCAI-ECG-BP,user_sensei_223,1668437983.082,-244,2012,431
SCAI-ECG-BP,user_sensei_223,1668437983.282,-167,1892,470
SCAI-ECG-BP,user_sensei_223,1668437983.482,-205,1950,512
SCAI-ECG-BP,user_sensei_223,1668437983.682,-160,1928,513
SCAI-ECG-BP,user_sensei_223,1668437983.882,-235,2003,532
SCAI-ECG-BP,user_sensei_223,1668437984.082,-243,1994,570
SCAI-ECG-BP,user_sensei_223,1668437984.282,-109,2027,565
SCAI-ECG-BP,user_sensei_223,1668437984.482,-247,1986,587
SCAI-ECG-BP,user_sensei_223,1668437984.682,-250,1971,619
SCAI-ECG-BP,user_sensei_223,1668437984.882,-286,1930,633
SCAI-ECG-BP,user_sensei_223,1668437985.082,-207,1962,579
SCAI-ECG-BP,user_sensei_223,1668437985.282,-138,1911,639
SCAI-ECG-BP,user_sensei_223,1668437985.482,-88,1932,619
SCAI-ECG-BP,user_sensei_223,1668437985.682,-98,1950,660
SCAI-ECG-BP,user_sensei_223,1668437985.882,-119,1918,608
SCAI-ECG-BP,user_sensei_223,1668437986.082,-140,1925,613
SCAI-ECG-BP,user_sensei_223,1668437986.282,-154,1931,608
SCAI-ECG-BP,user_sensei_223,1668437986.482,-160,1949,628
SCAI-ECG-BP,user_sensei_223,1668437986.682,-162,1944,637
SCAI-ECG-BP,user_sensei_223,1668437986.882,-136,1931,617
SCAI-ECG-BP,user_sensei_223,1668437987.082,-158,1932,646
SCAI-ECG-BP,user_sensei_223,1668437987.282,-151,1935,639
SCAI-ECG-BP,user_sensei_223,1668437987.482,-158,1923,645
SCAI-ECG-BP,user_sensei_223,1668437987.682,-161,1945,638
SCAI-ECG-BP,user_sensei_223,1668437987.882,-170,1941,640
SCAI-ECG-BP,user_sensei_223,1668437988.082,-171,1934,630
SCAI-ECG-BP,user_sensei_223,1668437988.282,-167,1924,622
SCAI-ECG-BP,user_sensei_223,1668437988.482,-156,1935,628
SCAI-ECG-BP,user_sensei_223,1668437988.682,-159,1939,649
SCAI-ECG-BP,user_sensei_223,1668437988.882,-159,1935,641
SCAI-ECG-BP,user_sensei_223,1668437989.082,-163,1934,644
SCAI-ECG-BP,user_sensei_223,1668437989.282,-163,1933,640
SCAI-ECG-BP,user_sensei_223,1668437989.482,-160,1933,643
SCAI-ECG-BP,user_sensei_223,1668437989.682,-149,1924,654
SCAI-ECG-BP,user_sensei_223,1668437989.882,-180,1935,686
SCAI-ECG-BP,user_sensei_223,1668437990.082,-135,1905,705
SCAI-ECG-BP,user_sensei_223,1668437990.282,33,2017,562
SCAI-ECG-BP,user_sensei_223,1668437990.482,346,2019,325
SCAI-ECG-BP,user_sensei_223,1668437990.682,595,1950,27
SCAI-ECG-BP,user_sensei_223,1668437990.882,570,1964,-16
SCAI-ECG-BP,user_sensei_223,1668437991.082,488,2038,-121
SCAI-ECG-BP,user_sensei_223,1668437991.282,-18,2350,135
SCAI-ECG-BP,user_sensei_223,1668437991.482,-188,1016,120
SCAI-ECG-BP,user_sensei_223,1668437991.682,-335,2011,23
SCAI-ECG-BP,user_sensei_223,1668437991.882,-73,1997,-37
SCAI-ECG-BP,user_sensei_223,1668437992.082,-183,2081,-142
SCAI-ECG-BP,user_sensei_223,1668437992.282,-523,1996,3
SCAI-ECG-BP,user_sensei_223,1668437992.482,434,1977,-199
SCAI-ECG-BP,user_sensei_223,1668437992.682,301,2001,-24
SCAI-ECG-BP,user_sensei_223,1668437992.882,482,2116,-99
SCAI-ECG-BP,user_sensei_223,1668437993.082,393,1960,-106
SCAI-ECG-BP,user_sensei_223,1668437993.282,487,2055,-122
SCAI-ECG-BP,user_sensei_223,1668437993.482,590,1987,-68
SCAI-ECG-BP,user_sensei_223,1668437993.682,221,2063,-9
SCAI-ECG-BP,user_sensei_223,1668437993.882,665,1966,-52
SCAI-ECG-BP,user_sensei_223,1668437994.082,770,1890,-26
SCAI-ECG-BP,user_sensei_223,1668437994.282,427,1953,3
SCAI-ECG-BP,user_sensei_223,1668437994.482,440,1972,27
SCAI-ECG-BP,user_sensei_223,1668437994.682,401,1988,-41
SCAI-ECG-BP,user_sensei_223,1668437994.882,127,1951,-78
SCAI-ECG-BP,user_sensei_223,1668437995.082,237,2012,-199
SCAI-ECG-BP,user_sensei_223,1668437995.282,305,2018,-321
SCAI-ECG-BP,user_sensei_223,1668437995.482,208,1980,-424
SCAI-ECG-BP,user_sensei_223,1668437995.682,218,1966,-500
SCAI-ECG-BP,user_sensei_223,1668437995.882,217,1977,-611
SCAI-ECG-BP,user_sensei_223,1668437996.082,69,1851,-561
SCAI-ECG-BP,user_sensei_223,1668437996.282,130,1878,-709
SCAI-ECG-BP,user_sensei_223,1668437996.482,130,1972,-691
SCAI-ECG-BP,user_sensei_223,1668437996.682,35,1882,-735
SCAI-ECG-BP,user_sensei_223,1668437996.882,184,1944,-764
SCAI-ECG-BP,user_sensei_223,1668437997.082,8,1843,-472
SCAI-ECG-BP,user_sensei_223,1668437997.282,311,1860,-398
SCAI-ECG-BP,user_sensei_223,1668437997.482,319,1990,-319
SCAI-ECG-BP,user_sensei_223,1668437997.682,299,2031,-274
SCAI-ECG-BP,user_sensei_223,1668437997.882,341,2060,-80
SCAI-ECG-BP,user_sensei_223,1668437998.082,845,2107,-264
SCAI-ECG-BP,user_sensei_223,1668437998.282,272,1982,-263
SCAI-ECG-BP,user_sensei_223,1668437998.482,262,1994,-271
SCAI-ECG-BP,user_sensei_223,1668437998.682,381,2007,-254
SCAI-ECG-BP,user_sensei_223,1668437998.882,416,2007,-262
SCAI-ECG-BP,user_sensei_223,1668437999.082,279,1979,-293
SCAI-ECG-BP,user_sensei_223,1668437999.282,525,2135,-78
SCAI-ECG-BP,user_sensei_223,1668437999.482,335,2046,-107
SCAI-ECG-BP,user_sensei_223,1668437999.682,438,2088,-183
SCAI-ECG-BP,user_sensei_223,1668437999.882,368,2008,-37
